Country,Year,Agricultural land (% of land area),Arable land (hectares),"Crop production index (gross, 1999-2001 = 100)",Average precipitation in depth (mm per year),Land area (sq. km),"Food production index (gross, 1999-2001 = 100)","Pesticides imports (FAO, current US$)","Agricultural machinery, tractors per 100 sq. km of arable land",Agriculture production index (1999-2001 = 100),Fertilizer consumption (kilograms per hectare of arable land),"Agricultural population (FAO, number)","Economically active population in agriculture, female (FAO, number)","Economically active population in agriculture, male (FAO, number)",Economically active population in agriculture (number),Crop production index (2014-2016 = 100)
Burundi,1960-01-01,,,,,,,,,,,,,,,
Burundi,1961-01-01,61.3317757009346,675000.0,63.72,1274.0,25680.0,64.06,50000.0,0.0296296296296296,63.37,,,,,,49.34
Burundi,1962-01-01,61.9158878504673,700000.0,63.57,1274.0,25680.0,64.34,60000.0,0.0285714285714286,63.29,,,,,,49.18
Burundi,1963-01-01,62.4610591900312,724000.0,63.65,1274.0,25680.0,65.26,80000.0,0.0276243093922652,63.3,,,,,,48.98
Burundi,1964-01-01,62.5,744000.0,70.25,1274.0,25680.0,70.4,100000.0,0.0268817204301075,69.74,,,,,,54.31
Burundi,1965-01-01,63.2398753894081,756000.0,69.79,1274.0,25680.0,70.79,120000.0,0.0264550264550265,69.6,,,,,,53.79
Burundi,1966-01-01,63.1230529595016,753000.0,70.13,1274.0,25680.0,71.16,140000.0,0.0265604249667995,69.98,0.132802124833997,,,,,54.05
Burundi,1967-01-01,64.8753894080997,788000.0,73.25,1274.0,25680.0,73.9,160000.0,0.0380710659898477,73.2,0.126903553299492,,,,,56.56
Burundi,1968-01-01,65.2647975077882,800000.0,74.91,1274.0,25680.0,76.04,180000.0,0.0375,75.03,0.125,,,,,57.67
Burundi,1969-01-01,73.8707165109034,992000.0,73.81,1274.0,25680.0,75.87,200000.0,0.030241935483871,74.53,0.256048387096774,,,,,56.66
Burundi,1970-01-01,73.208722741433,940000.0,75.46,1274.0,25680.0,76.65,250000.0,0.0425531914893617,76.13,0.590425531914894,,,,,58.08
Burundi,1971-01-01,73.9485981308411,929000.0,77.57,1274.0,25680.0,78.42,300000.0,0.0430570505920344,78.46,0.848223896663079,,,,,59.77
Burundi,1972-01-01,74.2211838006231,896000.0,69.68,1274.0,25680.0,71.99,350000.0,0.0334821428571429,71.17,0.899553571428571,,,,,53.64
Burundi,1973-01-01,77.8816199376947,930000.0,78.6,1274.0,25680.0,80.69,423000.0,0.043010752688172,80.2,0.624731182795699,,,,,60.47
Burundi,1974-01-01,79.0498442367601,930000.0,73.65,1274.0,25680.0,75.19,513000.0,0.0537634408602151,75.34,1.02150537634409,,,,,56.58
Burundi,1975-01-01,80.2180685358256,930000.0,79.17,1274.0,25680.0,82.38,1018000.0,0.10752688172043,81.08,0.803225806451613,,,,,60.76
Burundi,1976-01-01,81.5809968847352,935000.0,80.45,1274.0,25680.0,84.1,747000.0,0.160427807486631,83.2,0.567914438502674,,,,,61.94
Burundi,1977-01-01,83.4501557632399,942000.0,82.69,1274.0,25680.0,86.02,800000.0,0.212314225053079,84.91,0.805732484076433,,,,,63.41
Burundi,1978-01-01,82.5545171339564,935000.0,77.23,1274.0,25680.0,79.86,610000.0,0.855614973262032,79.67,1.18716577540107,,,,,60.78
Burundi,1979-01-01,81.7757009345794,930000.0,78.6,1274.0,25680.0,80.49,591000.0,0.913978494623656,80.82,0.967741935483871,,,,,61.34
Burundi,1980-01-01,81.3084112149533,930000.0,76.72,1274.0,25680.0,79.31,761000.0,0.967741935483871,78.72,1.18279569892473,3847000.0,1029000.0,813000.0,1842000.0,59.88
Burundi,1981-01-01,80.8021806853583,930000.0,85.55,1274.0,25680.0,84.09,647000.0,1.02150537634409,86.25,1.18279569892473,3961000.0,1063000.0,838000.0,1900000.0,67.33
Burundi,1982-01-01,80.2180685358256,930000.0,81.34,1274.0,25680.0,82.81,1200000.0,1.0752688172043,82.35,1.39784946236559,4084000.0,1098000.0,870000.0,1968000.0,63.23
Burundi,1983-01-01,80.2180685358256,930000.0,81.21,1274.0,25680.0,81.22,2023000.0,1.18279569892473,82.71,2.9752688172043,4216000.0,1135000.0,902000.0,2037000.0,63.98
Burundi,1984-01-01,80.2180685358256,930000.0,80.15,1274.0,25680.0,81.18,2044000.0,1.29032258064516,81.56,1.94516129032258,4352000.0,1172000.0,936000.0,2109000.0,63.04
Burundi,1985-01-01,80.2180685358256,930000.0,92.2,1274.0,25680.0,91.85,2060000.0,1.39784946236559,92.71,2.50645161290323,4491000.0,1210000.0,966000.0,2176000.0,72.22
Burundi,1986-01-01,81.0747663551402,930000.0,96.11,1274.0,25680.0,96.76,2090000.0,1.50537634408602,97.33,3.33333333333333,4631000.0,1246000.0,998000.0,2244000.0,75.37
Burundi,1987-01-01,81.4641744548287,930000.0,99.38,1274.0,25680.0,99.24,2100000.0,1.61290322580645,100.57,2.79569892473118,4771000.0,1295000.0,1036000.0,2331000.0,78.13
Burundi,1988-01-01,81.9704049844237,930000.0,101.28,1274.0,25680.0,101.99,2143000.0,1.72043010752688,103.2,2.79569892473118,4909000.0,1341000.0,1071000.0,2412000.0,79.5
Burundi,1989-01-01,81.9704049844237,930000.0,95.01,1274.0,25680.0,96.27,1844000.0,1.75268817204301,97.21,5.05376344086022,5038000.0,1382000.0,1102000.0,2484000.0,75.03
Burundi,1990-01-01,82.1651090342679,930000.0,103.26,1274.0,25680.0,103.12,4213000.0,1.75268817204301,103.74,2.25806451612903,5156000.0,1419000.0,1127000.0,2546000.0,81.01
Burundi,1991-01-01,82.1651090342679,930000.0,106.33,1274.0,25680.0,105.95,4000000.0,1.7741935483871,106.92,2.25806451612903,5262000.0,1442000.0,1144000.0,2586000.0,85.51
Burundi,1992-01-01,82.5545171339564,930000.0,109.18,1274.0,25680.0,108.16,3800000.0,1.82795698924731,109.32,5.59247311827957,5357000.0,1463000.0,1158000.0,2621000.0,88.11
Burundi,1993-01-01,82.6713395638629,930000.0,105.3,1274.0,25680.0,105.88,3500000.0,,106.07,4.13333333333333,5440000.0,1479000.0,1172000.0,2651000.0,84.39
Burundi,1994-01-01,80.7242990654206,930000.0,92.44,1274.0,25680.0,91.26,3300000.0,,93.04,3.33333333333333,5509000.0,1492000.0,1180000.0,2672000.0,75.65
Burundi,1995-01-01,79.3224299065421,940000.0,96.06,1274.0,25680.0,95.65,3100000.0,,95.52,3.19148936170213,5565000.0,1501000.0,1186000.0,2687000.0,78.25
Burundi,1996-01-01,77.6090342679128,940000.0,98.02,1274.0,25680.0,97.39,2900000.0,,97.12,2.97872340425532,5606000.0,1507000.0,1187000.0,2694000.0,79.06
Burundi,1997-01-01,76.01246105919,950000.0,98.12,1274.0,25680.0,98.13,2700000.0,,96.99,1.05263157894737,5637000.0,1511000.0,1182000.0,2693000.0,78.5
Burundi,1998-01-01,74.493769470405,950000.0,91.31,1274.0,25680.0,91.82,2552000.0,,90.96,3.80526315789474,5669000.0,1518000.0,1177000.0,2695000.0,73.75
Burundi,1999-01-01,73.481308411215,960000.0,94.79,1274.0,25680.0,94.93,1487000.0,,95.38,4.13541666666667,5716000.0,1532000.0,1181000.0,2713000.0,77.85
Burundi,2000-01-01,72.702492211838,960000.0,90.56,1218.0,25680.0,90.97,1252000.0,,90.22,3.64583333333333,5790000.0,1555000.0,1198000.0,2754000.0,80.61
Burundi,2001-01-01,72.0794392523365,975000.0,98.04,1274.0,25680.0,98.51,1392000.0,,97.5,3.58974358974359,5895000.0,1593000.0,1224000.0,2817000.0,88.37
Burundi,2002-01-01,71.417445482866,986000.0,102.5,1274.0,25680.0,100.81,1532000.0,,101.67,1.34381338742394,6027000.0,1641000.0,1262000.0,2902000.0,103.09
Burundi,2003-01-01,71.3785046728972,990000.0,104.63,1274.0,25680.0,104.59,1024000.0,,103.77,0.304040404040404,6182000.0,1695000.0,1309000.0,3004000.0,87.59
Burundi,2004-01-01,71.9626168224299,985000.0,101.19,1274.0,25680.0,98.89,2334000.0,,100.02,1.11167512690355,6352000.0,1755000.0,1358000.0,3113000.0,105.13
Burundi,2005-01-01,70.8333333333333,956000.0,98.23,1274.0,25680.0,100.23,3644000.0,,98.47,3.54602510460251,6531000.0,1815000.0,1410000.0,3225000.0,84.72
Burundi,2006-01-01,70.9501557632399,939000.0,100.59,1274.0,25680.0,100.88,1034000.0,,101.51,3.20447284345048,6720000.0,1878000.0,1461000.0,3338000.0,97.7
Burundi,2007-01-01,71.0669781931464,942000.0,103.94,1274.0,25680.0,104.08,884000.0,,104.49,1.82165605095541,6917000.0,1940000.0,1517000.0,3457000.0,86.3
Burundi,2008-01-01,71.183800623053,945000.0,102.98,1274.0,25680.0,106.16,686000.0,,104.06,2.06772486772487,7115000.0,1998000.0,1566000.0,3564000.0,95.74
Burundi,2009-01-01,71.3006230529595,948000.0,111.11,1274.0,25680.0,111.54,1630710.0,,111.3,1.86497890295359,7305000.0,2050000.0,1610000.0,3660000.0,90.85
Burundi,2010-01-01,71.3785046728972,950000.0,110.67,1274.0,25680.0,113.42,816240.0,,111.03,3.62736842105263,7481000.0,2095000.0,1646000.0,3741000.0,101.46
Burundi,2011-01-01,73.3255451713396,1000000.0,110.19,1274.0,25680.0,112.33,,,111.92,5.635,7638000.0,2130000.0,1674000.0,3804000.0,94.11
Burundi,2012-01-01,75.2725856697819,1100000.0,,1274.0,25680.0,,,,,5.7956,7779000.0,2158000.0,1695000.0,3852000.0,81.0
Burundi,2013-01-01,79.1666666666667,1200000.0,,1274.0,25680.0,,,,,9.30145833333333,,,,,116.45
Burundi,2014-01-01,79.1666666666667,1200000.0,,1274.0,25680.0,,,,,10.8151416666667,,,,,101.22
Burundi,2015-01-01,79.1666666666667,1200000.0,,1274.0,25680.0,,,,,8.33625,,,,,95.57
Burundi,2016-01-01,79.1666666666667,1200000.0,,1274.0,25680.0,,,,,14.4163083333333,,,,,103.21
Burundi,2017-01-01,79.1666666666667,1200000.0,,1274.0,25680.0,,,,,17.751625,,,,,97.88
Burundi,2018-01-01,79.1666666666667,1200000.0,,1274.0,25680.0,,,,,23.780925,,,,,121.26
Burundi,2019-01-01,79.1666666666667,1200000.0,,1274.0,25680.0,,,,,20.1870333333333,,,,,131.96
Burundi,2020-01-01,79.1666666666667,1200000.0,,1274.0,25680.0,,,,,20.1870333333333,,,,,130.54
Burundi,2021-01-01,,,,,,,,,,,,,,,121.22
Burundi,2022-01-01,,,,,,,,,,,,,,,
Djibouti,1960-01-01,,,,,,,,,,,,,,,
Djibouti,1961-01-01,56.1259706643658,1000.0,2.79,220.0,23180.0,13.42,70000.0,40.0,13.42,,,,,,2.11
Djibouti,1962-01-01,56.1259706643658,1000.0,2.79,220.0,23180.0,13.78,75000.0,40.0,13.78,,,,,,2.11
Djibouti,1963-01-01,56.1259706643658,1000.0,2.79,220.0,23180.0,14.23,80000.0,40.0,14.23,,,,,,2.11
Djibouti,1964-01-01,56.1259706643658,1000.0,3.08,220.0,23180.0,14.54,85000.0,40.0,14.54,,,,,,2.33
Djibouti,1965-01-01,56.1259706643658,1000.0,3.81,220.0,23180.0,14.82,90000.0,40.0,14.82,,,,,,2.88
Djibouti,1966-01-01,56.1259706643658,1000.0,4.01,220.0,23180.0,16.05,100000.0,40.0,16.05,,,,,,3.04
Djibouti,1967-01-01,56.1259706643658,1000.0,4.25,220.0,23180.0,16.76,120000.0,40.0,16.76,,,,,,3.23
Djibouti,1968-01-01,56.1259706643658,1000.0,4.49,220.0,23180.0,18.02,130000.0,40.0,18.02,,,,,,3.41
Djibouti,1969-01-01,56.1259706643658,1000.0,4.49,220.0,23180.0,19.38,135000.0,50.0,19.38,,,,,,3.42
Djibouti,1970-01-01,56.1259706643658,1000.0,4.79,220.0,23180.0,20.12,140000.0,50.0,20.12,,,,,,3.63
Djibouti,1971-01-01,56.1259706643658,1000.0,4.79,220.0,23180.0,21.05,150000.0,50.0,21.05,,,,,,3.63
Djibouti,1972-01-01,56.1259706643658,1000.0,5.27,220.0,23180.0,22.17,160000.0,50.0,22.17,,,,,,4.01
Djibouti,1973-01-01,56.1259706643658,1000.0,5.61,220.0,23180.0,22.16,163000.0,50.0,22.22,,,,,,4.26
Djibouti,1974-01-01,56.1259706643658,1000.0,6.23,220.0,23180.0,23.65,160000.0,50.0,23.71,,,,,,4.72
Djibouti,1975-01-01,56.1259706643658,1000.0,6.37,220.0,23180.0,24.03,165000.0,50.0,24.1,,,,,,4.81
Djibouti,1976-01-01,56.1259706643658,1000.0,7.04,220.0,23180.0,26.98,170000.0,50.0,27.04,,,,,,5.3
Djibouti,1977-01-01,56.1259706643658,1000.0,7.61,220.0,23180.0,26.4,175000.0,60.0,26.46,,,,,,5.73
Djibouti,1978-01-01,56.1259706643658,1000.0,8.36,220.0,23180.0,27.86,180000.0,60.0,27.92,,,,,,6.31
Djibouti,1979-01-01,56.1259706643658,1000.0,11.91,220.0,23180.0,36.58,182000.0,60.0,36.66,,,,,,9.02
Djibouti,1980-01-01,56.1259706643658,1000.0,41.42,220.0,23180.0,46.79,200000.0,60.0,46.79,,287000.0,52000.0,60000.0,112000.0,31.73
Djibouti,1981-01-01,56.1259706643658,1000.0,42.6,220.0,23180.0,45.25,250000.0,60.0,45.25,,298000.0,54000.0,62000.0,116000.0,32.63
Djibouti,1982-01-01,56.1259706643658,1000.0,45.97,220.0,23180.0,45.57,300000.0,60.0,45.57,,305000.0,55000.0,64000.0,119000.0,35.1
Djibouti,1983-01-01,56.1259706643658,1000.0,46.19,220.0,23180.0,53.2,217000.0,60.0,53.21,,311000.0,57000.0,65000.0,122000.0,35.26
Djibouti,1984-01-01,56.1259706643658,1000.0,52.57,220.0,23180.0,58.42,194000.0,60.0,58.42,,321000.0,58000.0,67000.0,126000.0,39.98
Djibouti,1985-01-01,56.1259706643658,1000.0,55.65,220.0,23180.0,68.66,88000.0,60.0,68.66,,335000.0,61000.0,71000.0,132000.0,41.93
Djibouti,1986-01-01,56.1259706643658,1000.0,60.55,220.0,23180.0,74.05,135000.0,60.0,74.05,,357000.0,64000.0,76000.0,140000.0,45.71
Djibouti,1987-01-01,56.1259706643658,1000.0,59.98,220.0,23180.0,76.2,180000.0,80.0,76.21,,384000.0,69000.0,82000.0,151000.0,45.46
Djibouti,1988-01-01,56.1259706643658,1000.0,54.6,220.0,23180.0,79.31,112000.0,80.0,79.31,,413000.0,75000.0,88000.0,162000.0,41.41
Djibouti,1989-01-01,56.1259706643658,1000.0,60.26,220.0,23180.0,95.57,129000.0,80.0,95.57,,440000.0,79000.0,94000.0,173000.0,45.68
Djibouti,1990-01-01,56.0396893874029,1000.0,82.48,220.0,23180.0,93.71,180000.0,80.0,93.71,,461000.0,84000.0,98000.0,182000.0,59.26
Djibouti,1991-01-01,57.6358930112166,1000.0,84.65,220.0,23180.0,70.04,301000.0,80.0,70.04,,475000.0,87000.0,101000.0,188000.0,59.12
Djibouti,1992-01-01,59.1458153580673,1000.0,86.02,220.0,23180.0,73.95,,80.0,73.95,,483000.0,89000.0,102000.0,191000.0,61.48
Djibouti,1993-01-01,60.4400345125108,1000.0,96.99,220.0,23180.0,70.72,,80.0,70.72,,488000.0,91000.0,103000.0,194000.0,61.94
Djibouti,1994-01-01,60.4400345125108,1000.0,84.61,220.0,23180.0,73.34,,80.0,73.34,,494000.0,92000.0,104000.0,196000.0,63.71
Djibouti,1995-01-01,62.5970664365833,1000.0,109.85,220.0,23180.0,78.86,,80.0,78.86,,502000.0,94000.0,106000.0,200000.0,65.29
Djibouti,1996-01-01,63.8912855910267,1000.0,88.96,220.0,23180.0,71.65,,80.0,71.65,,514000.0,96000.0,110000.0,206000.0,66.1
Djibouti,1997-01-01,64.7540983606557,1000.0,92.34,220.0,23180.0,74.92,,80.0,74.92,,529000.0,99000.0,113000.0,212000.0,68.22
Djibouti,1998-01-01,64.7540983606557,1000.0,95.33,220.0,23180.0,76.89,,80.0,76.89,,544000.0,102000.0,118000.0,220000.0,69.22
Djibouti,1999-01-01,66.9111302847282,1000.0,100.95,220.0,23180.0,78.24,,80.0,78.24,,560000.0,105000.0,121000.0,227000.0,71.66
Djibouti,2000-01-01,69.0681622088007,1000.0,102.84,220.0,23180.0,84.93,,80.0,84.93,,573000.0,108000.0,125000.0,233000.0,73.62
Djibouti,2001-01-01,72.5194132873167,1000.0,105.4,220.0,23180.0,85.8,,80.0,85.8,,584000.0,111000.0,128000.0,238000.0,75.87
Djibouti,2002-01-01,73.3822260569456,1000.0,108.75,220.0,23180.0,97.86,,80.0,97.86,,593000.0,113000.0,130000.0,243000.0,78.69
Djibouti,2003-01-01,73.3822260569456,1000.0,104.47,220.0,23180.0,97.05,,80.0,97.05,,601000.0,115000.0,133000.0,248000.0,74.13
Djibouti,2004-01-01,73.3822260569456,1000.0,89.7,220.0,23180.0,93.44,,60.0,93.44,,609000.0,117000.0,135000.0,252000.0,77.61
Djibouti,2005-01-01,73.3822260569456,1000.0,107.38,220.0,23180.0,95.31,,60.0,95.31,,616000.0,119000.0,138000.0,257000.0,78.32
Djibouti,2006-01-01,73.3951682484901,1300.0,102.92,220.0,23180.0,111.25,,46.1538461538462,111.25,,625000.0,122000.0,140000.0,261000.0,74.6
Djibouti,2007-01-01,73.4037963761864,1500.0,108.24,220.0,23180.0,137.28,,,137.28,,633000.0,124000.0,144000.0,267000.0,79.87
Djibouti,2008-01-01,73.3908541846419,1200.0,102.42,220.0,23180.0,141.54,,,141.54,,642000.0,126000.0,147000.0,273000.0,83.02
Djibouti,2009-01-01,73.3951682484901,1300.0,119.33,220.0,23180.0,126.54,1060800.0,,126.54,,650000.0,129000.0,150000.0,279000.0,86.33
Djibouti,2010-01-01,73.4081104400345,1600.0,133.01,220.0,23180.0,113.68,,,113.68,,658000.0,132000.0,153000.0,285000.0,87.23
Djibouti,2011-01-01,73.4253666954271,2000.0,131.03,220.0,23180.0,113.57,,,113.57,,666000.0,135000.0,156000.0,291000.0,91.4
Djibouti,2012-01-01,73.4253666954271,2000.0,,220.0,23180.0,,,,,,675000.0,138000.0,159000.0,297000.0,102.96
Djibouti,2013-01-01,73.4253666954271,2000.0,,220.0,23180.0,,,,,,,,,,97.84
Djibouti,2014-01-01,73.4253666954271,2000.0,,220.0,23180.0,,,,,,,,,,98.53
Djibouti,2015-01-01,73.4253666954271,2000.0,,220.0,23180.0,,,,,,,,,,101.23
Djibouti,2016-01-01,73.4253666954271,2000.0,,220.0,23180.0,,,,,,,,,,100.24
Djibouti,2017-01-01,73.4253666954271,2000.0,,220.0,23180.0,,,,,,,,,,123.49
Djibouti,2018-01-01,73.4253666954271,2000.0,,220.0,23180.0,,,,,,,,,,138.76
Djibouti,2019-01-01,73.4253666954271,2000.0,,220.0,23180.0,,,,,,,,,,158.49
Djibouti,2020-01-01,73.4253666954271,2000.0,,220.0,23180.0,,,,,,,,,,168.83
Djibouti,2021-01-01,,,,,,,,,,,,,,,184.78
Djibouti,2022-01-01,,,,,,,,,,,,,,,
Eritrea,1960-01-01,,,,,,,,,,,,,,,
Eritrea,1961-01-01,,,,,,,,,,,,,,,
Eritrea,1962-01-01,,,,,,,,,,,,,,,
Eritrea,1963-01-01,,,,,,,,,,,,,,,
Eritrea,1964-01-01,,,,,,,,,,,,,,,
Eritrea,1965-01-01,,,,,,,,,,,,,,,
Eritrea,1966-01-01,,,,,,,,,,,,,,,
Eritrea,1967-01-01,,,,,,,,,,,,,,,
Eritrea,1968-01-01,,,,,,,,,,,,,,,
Eritrea,1969-01-01,,,,,,,,,,,,,,,
Eritrea,1970-01-01,,,,,,,,,,,,,,,
Eritrea,1971-01-01,,,,,,,,,,,,,,,
Eritrea,1972-01-01,,,,,,,,,,,,,,,
Eritrea,1973-01-01,,,,,,,,,,,,,,,
Eritrea,1974-01-01,,,,,,,,,,,,,,,
Eritrea,1975-01-01,,,,,,,,,,,,,,,
Eritrea,1976-01-01,,,,,,,,,,,,,,,
Eritrea,1977-01-01,,,,,,,,,,,,,,,
Eritrea,1978-01-01,,,,,,,,,,,,,,,
Eritrea,1979-01-01,,,,,,,,,,,,,,,
Eritrea,1980-01-01,,,,,,,,,,,,,,,
Eritrea,1981-01-01,,,,,,,,,,,,,,,
Eritrea,1982-01-01,,,,,,,,,,,,,,,
Eritrea,1983-01-01,,,,,,,,,,,,,,,
Eritrea,1984-01-01,,,,,,,,,,,,,,,
Eritrea,1985-01-01,,,,,,,,,,,,,,,
Eritrea,1986-01-01,,,,,,,,,,,,,,,
Eritrea,1987-01-01,,,,,,,,,,,,,,,
Eritrea,1988-01-01,,,,,,,,,,,,,,,
Eritrea,1989-01-01,,,,,,,,,,,,,,,
Eritrea,1990-01-01,,,,,,,,,,,,,,,
Eritrea,1991-01-01,,,,,,,,,,,,,,,
Eritrea,1992-01-01,,,,,,,,,,,,,,,
Eritrea,1993-01-01,73.2673267326733,498000.0,63.35,384.0,101000.0,62.51,3000000.0,5.02008032128514,61.76,1.40562248995984,2516000.0,412000.0,532000.0,944000.0,65.14
Eritrea,1994-01-01,73.3267326732673,437000.0,102.81,384.0,101000.0,83.27,3700000.0,6.17848970251716,82.57,2.97482837528604,2514000.0,419000.0,522000.0,942000.0,104.64
Eritrea,1995-01-01,73.3366336633663,438000.0,87.87,384.0,101000.0,77.17,3000000.0,6.84931506849315,76.72,3.68493150684932,2525000.0,422000.0,523000.0,945000.0,88.85
Eritrea,1996-01-01,72.6534653465346,369000.0,71.58,384.0,101000.0,74.04,2500000.0,8.97018970189702,73.53,13.5311653116531,2556000.0,432000.0,528000.0,960000.0,71.71
Eritrea,1997-01-01,72.8712871287129,391000.0,72.81,384.0,101000.0,74.95,2000000.0,11.2531969309463,74.13,15.3452685421995,2603000.0,444000.0,539000.0,983000.0,76.28
Eritrea,1998-01-01,73.9306930693069,498000.0,138.47,384.0,101000.0,107.27,1700000.0,12.3092369477912,106.98,13.0522088353414,2665000.0,456000.0,558000.0,1013000.0,138.6
Eritrea,1999-01-01,73.9306930693069,498000.0,111.69,384.0,101000.0,96.3,1500000.0,11.2449799196787,95.43,21.8875502008032,2741000.0,471000.0,580000.0,1050000.0,112.81
Eritrea,2000-01-01,74.5544554455445,560000.0,72.04,384.0,101000.0,79.41,1300000.0,8.26785714285714,78.33,19.4642857142857,2826000.0,480000.0,610000.0,1090000.0,76.04
Eritrea,2001-01-01,74.5742574257426,562000.0,91.57,384.0,101000.0,88.67,1000000.0,,88.21,9.72953736654804,2926000.0,504000.0,635000.0,1139000.0,94.39
Eritrea,2002-01-01,74.5742574257426,562000.0,56.69,384.0,101000.0,73.83,800000.0,,73.54,6.23665480427046,3037000.0,525000.0,666000.0,1192000.0,60.02
Eritrea,2003-01-01,74.9207920792079,597000.0,70.94,384.0,101000.0,83.92,664000.0,,83.63,1.62814070351759,3155000.0,550000.0,698000.0,1248000.0,71.37
Eritrea,2004-01-01,61.9923728717243,598000.0,71.49,384.0,120982.625,86.09,670000.0,,85.54,0.00501672240802676,3273000.0,573000.0,729000.0,1302000.0,72.86
Eritrea,2005-01-01,62.1522804243469,620000.0,113.98,384.0,121025.326,107.09,300000.0,,107.29,2.31612903225806,3385000.0,595000.0,758000.0,1354000.0,123.87
Eritrea,2006-01-01,62.5764277224781,670000.0,114.53,384.0,121004.031,106.82,300000.0,,107.17,0.0164179104477612,3490000.0,614000.0,786000.0,1400000.0,114.78
Eritrea,2007-01-01,62.5616538406188,670000.0,125.95,384.0,121032.606,119.86,2000000.0,,120.6,3.48955223880597,3588000.0,626000.0,808000.0,1434000.0,133.04
Eritrea,2008-01-01,62.5487918988311,670000.0,58.59,384.0,121057.494,84.34,500000.0,,84.59,,3683000.0,641000.0,830000.0,1471000.0,61.25
Eritrea,2009-01-01,62.7077358945754,690000.0,87.24,384.0,121069.592,103.69,1250000.0,,104.11,2.78260869565217,3778000.0,657000.0,851000.0,1508000.0,84.34
Eritrea,2010-01-01,62.7100610487235,690000.0,88.58,384.0,121065.103,107.41,200000.0,,107.89,0.417391304347826,3875000.0,674000.0,874000.0,1547000.0,86.66
Eritrea,2011-01-01,62.6976908693159,690000.0,93.15,384.0,121088.989,110.45,,,110.99,0.821739130434783,3976000.0,692000.0,898000.0,1590000.0,99.46
Eritrea,2012-01-01,62.701247715187,690000.0,,384.0,121082.12,,,,,0.983608695652174,4078000.0,710000.0,923000.0,1634000.0,100.79
Eritrea,2013-01-01,62.7182592530622,690000.0,,384.0,121049.278,,,,,1.18894202898551,,,,,100.04
Eritrea,2014-01-01,62.7250437544772,690000.0,,384.0,121036.185,,,,,1.45811594202899,,,,,100.72
Eritrea,2015-01-01,62.6978016748456,690000.0,,384.0,121088.775,,,,,1.47060869565217,,,,,99.32
Eritrea,2016-01-01,62.7036614635264,690000.0,,384.0,121077.459,,,,,2.78730434782609,,,,,99.96
Eritrea,2017-01-01,62.70688595366,690000.0,,384.0,121071.233,,,,,2.57153623188406,,,,,100.67
Eritrea,2018-01-01,62.7035294042634,690000.0,,384.0,121077.714,,,,,6.79972463768116,,,,,99.98
Eritrea,2019-01-01,62.7020628070177,690000.0,,384.0,121080.546,,,,,6.66572463768116,,,,,99.93
Eritrea,2020-01-01,62.7226371689837,690000.0,,384.0,121040.829,,,,,5.05830434782609,,,,,100.13
Eritrea,2021-01-01,,,,,,,,,,,,,,,100.14
Eritrea,2022-01-01,,,,,,,,,,,,,,,
Ethiopia,1960-01-01,,,,,,,,,,,,,,,
Ethiopia,1961-01-01,52.5304268846503,,,,1101000.0,,200000.0,0.227272727272727,,,,,,,
Ethiopia,1962-01-01,52.905540417802,,,,1101000.0,,252000.0,0.218169124705472,,,,,,,
Ethiopia,1963-01-01,53.0245231607629,,,,1101000.0,,308000.0,0.257931390250193,,,,,,,
Ethiopia,1964-01-01,52.9791099000908,,,,1101000.0,,296000.0,0.429885650416989,,,,,,,
Ethiopia,1965-01-01,53.2924613987284,,,,1101000.0,,1584000.0,0.666944560233431,,,,,,,
Ethiopia,1966-01-01,53.3787465940055,,,,1101000.0,,496000.0,1.07705053852527,,,,,,,
Ethiopia,1967-01-01,53.4514078110808,,,,1101000.0,,1053000.0,1.48148148148148,,,,,,,
Ethiopia,1968-01-01,53.5603996366939,,,,1101000.0,,1382000.0,1.79591836734694,,,,,,,
Ethiopia,1969-01-01,53.7693006357856,,,,1101000.0,,1569000.0,1.9952114924182,,,,,,,
Ethiopia,1970-01-01,53.7238873751135,,,,1101000.0,,1287000.0,2.32482043096568,,,,,,,
Ethiopia,1971-01-01,53.8964577656676,,,,1101000.0,,1164000.0,2.47454972592013,,,,,,,
Ethiopia,1972-01-01,54.0690281562216,,,,1101000.0,,1614000.0,2.58153846153846,,,,,,,
Ethiopia,1973-01-01,54.0236148955495,,,,1101000.0,,2715000.0,,,,,,,,
Ethiopia,1974-01-01,53.9782016348774,,,,1101000.0,,6456000.0,,,,,,,,
Ethiopia,1975-01-01,53.9327883742053,,,,1101000.0,,6921000.0,,,,,,,,
Ethiopia,1976-01-01,53.8873751135332,,,,1101000.0,,6382000.0,,,,,,,,
Ethiopia,1977-01-01,53.8692098092643,,,,1101000.0,,4900000.0,,,,,,,,
Ethiopia,1978-01-01,53.850136239782,,,,1101000.0,,18220000.0,,,,,,,,
Ethiopia,1979-01-01,53.8392370572207,,,,1101000.0,,9014000.0,,,,,,,,
Ethiopia,1980-01-01,53.6920980926431,,,,1101000.0,,8987000.0,,,,33680000.0,5404000.0,7787000.0,13191000.0,
Ethiopia,1981-01-01,53.4604904632153,,,,1101000.0,,12347000.0,,,,34380000.0,5520000.0,7938000.0,13459000.0,
Ethiopia,1982-01-01,53.2288828337875,,,,1101000.0,,6826000.0,,,,35233000.0,5651000.0,8134000.0,13785000.0,
Ethiopia,1983-01-01,52.9954586739328,,,,1101000.0,,10396000.0,,,,36206000.0,5827000.0,8336000.0,14163000.0,
Ethiopia,1984-01-01,52.5794732061762,,,,1101000.0,,14188000.0,,,,37249000.0,5974000.0,8591000.0,14565000.0,
Ethiopia,1985-01-01,52.3978201634877,,,,1101000.0,,8927000.0,,,,38323000.0,6230000.0,8877000.0,15107000.0,
Ethiopia,1986-01-01,52.1207992733878,,,,1101000.0,,15156000.0,,,,39421000.0,6495000.0,9170000.0,15665000.0,
Ethiopia,1987-01-01,51.7983651226158,,,,1101000.0,,24867000.0,,,,40552000.0,6770000.0,9472000.0,16243000.0,
Ethiopia,1988-01-01,51.566757493188,,,,1101000.0,,12538000.0,,,,41719000.0,7055000.0,9784000.0,16839000.0,
Ethiopia,1989-01-01,51.3351498637602,,,,1101000.0,,16948000.0,,,,42925000.0,7348000.0,10105000.0,17453000.0,
Ethiopia,1990-01-01,51.1462306993642,,,,1101000.0,,15533000.0,,,,44173000.0,7652000.0,10434000.0,18086000.0,
Ethiopia,1991-01-01,51.0063578564941,,,,1101000.0,,2971000.0,,,,45444000.0,7948000.0,10782000.0,18731000.0,
Ethiopia,1992-01-01,50.9582198001816,,,,1101000.0,,3000000.0,,,,46741000.0,8250000.0,11139000.0,19389000.0,
Ethiopia,1993-01-01,30.54,10000000.0,51.19,848.0,1000000.0,50.58,5813000.0,,51.7,7.59,45536000.0,8152000.0,10967000.0,19119000.0,25.73
Ethiopia,1994-01-01,30.472,9932000.0,52.0,848.0,1000000.0,50.76,11449000.0,,52.34,11.6894885219493,46844000.0,8465000.0,11339000.0,19804000.0,26.11
Ethiopia,1995-01-01,30.5,9940000.0,59.74,848.0,1000000.0,56.19,6325000.0,,57.94,13.5110663983903,48118000.0,8832000.0,11693000.0,20525000.0,30.49
Ethiopia,1996-01-01,30.5,9927000.0,70.88,848.0,1000000.0,65.38,6800000.0,,67.21,17.8854638863705,49347000.0,9192000.0,12040000.0,21232000.0,36.45
Ethiopia,1997-01-01,30.492,9900000.0,71.63,848.0,1000000.0,66.47,7300000.0,,68.02,13.3062626262626,50536000.0,9546000.0,12380000.0,21926000.0,36.53
Ethiopia,1998-01-01,30.508,9950000.0,66.11,848.0,1000000.0,63.12,8111000.0,,64.66,16.4886432160804,51693000.0,9895000.0,12716000.0,22610000.0,32.46
Ethiopia,1999-01-01,30.676,10000000.0,71.54,848.0,1000000.0,67.93,11946000.0,,69.1,16.7877,52831000.0,10241000.0,13053000.0,23294000.0,35.2
Ethiopia,2000-01-01,30.662,10000000.0,75.29,848.0,1000000.0,70.15,12112000.0,,71.27,15.748,53957000.0,10643000.0,13406000.0,24049000.0,36.45
Ethiopia,2001-01-01,30.6054,9908400.0,83.37,848.0,1000000.0,77.43,15479000.0,,78.58,13.61602276856,55075000.0,11049000.0,13766000.0,24815000.0,38.81
Ethiopia,2002-01-01,30.498,9853000.0,81.28,848.0,1000000.0,85.36,8415000.0,,86.17,17.0124835075612,56179000.0,11456000.0,14134000.0,25590000.0,37.74
Ethiopia,2003-01-01,31.607,10928000.0,85.68,848.0,1000000.0,88.46,10571000.0,,88.97,5.7023243045388,57265000.0,11864000.0,14509000.0,26373000.0,39.19
Ethiopia,2004-01-01,29.3293277309701,12364000.0,92.56,848.0,1128597.297,94.6,24476000.0,,94.28,10.3092850210288,58326000.0,12271000.0,14890000.0,27161000.0,42.64
Ethiopia,2005-01-01,29.7634298818382,12823000.0,103.58,848.0,1128599.766,101.58,18612000.0,,101.37,10.9025189113312,59358000.0,12677000.0,15275000.0,27952000.0,50.66
Ethiopia,2006-01-01,30.3195101415527,13396000.0,103.86,848.0,1128613.221,103.82,22244000.0,,104.35,11.1310092564945,60362000.0,12960000.0,15570000.0,28530000.0,51.31
Ethiopia,2007-01-01,31.0792439391835,14038000.0,105.02,848.0,1128631.059,104.6,29310000.0,,106.25,16.0398917224676,61342000.0,13337000.0,16046000.0,29383000.0,56.26
Ethiopia,2008-01-01,30.581221414958,13606000.0,110.3,848.0,1128568.396,112.84,35602000.0,,113.77,17.2002057915625,62294000.0,13704000.0,16442000.0,30147000.0,57.76
Ethiopia,2009-01-01,30.9988929075678,13948000.0,118.77,848.0,1128588.692,117.21,32938200.0,,117.63,17.66231717809,63231000.0,14062000.0,16843000.0,30905000.0,65.63
Ethiopia,2010-01-01,31.6178614528083,14565000.0,129.98,848.0,1128570.952,126.24,47156100.0,,126.48,21.847099210436,64158000.0,14407000.0,17250000.0,31657000.0,72.55
Ethiopia,2011-01-01,32.1867824793268,15193200.0,135.61,848.0,1128575.061,135.2,36082490.0,,136.4,20.8190506279125,65076000.0,14741000.0,17662000.0,32403000.0,76.5
Ethiopia,2012-01-01,32.3308357644563,15346000.0,,848.0,1128582.022,,,,,30.5863488857031,65983000.0,15063000.0,18079000.0,33142000.0,80.55
Ethiopia,2013-01-01,32.5180834179228,15471000.0,,848.0,1128572.048,,,,,18.2591564863293,,,,,88.89
Ethiopia,2014-01-01,32.7060238794806,15596000.0,,848.0,1128538.282,,,,,25.3595344960246,,,,,95.98
Ethiopia,2015-01-01,32.8929601801843,15721000.0,,848.0,1128539.353,,,,,28.1125539087844,,,,,100.99
Ethiopia,2016-01-01,33.0793660251424,15846000.0,,848.0,1128558.509,,,,,33.7883087214439,,,,,103.03
Ethiopia,2017-01-01,33.263928222695,15969200.0,,848.0,1128552.82,,,,,34.5145862034416,,,,,106.37
Ethiopia,2018-01-01,33.5852342867904,16187000.0,,848.0,1128561.429,,,,,36.2002100450979,,,,,105.94
Ethiopia,2019-01-01,33.8388588800509,16191550.0,,848.0,1128570.858,,,,,36.1900373960492,,,,,108.11
Ethiopia,2020-01-01,34.0927517767343,16195100.0,,848.0,1128571.265,,,,,36.1980450877117,,,,,116.94
Ethiopia,2021-01-01,,,,,,,,,,,,,,,113.02
Ethiopia,2022-01-01,,,,,,,,,,,,,,,
Kenya,1960-01-01,,,,,,,,,,,,,,,
Kenya,1961-01-01,44.2773307094915,3500000.0,24.17,630.0,569140.0,25.57,1527000.0,18.3485714285714,24.85,3.17142857142857,,,,,12.62
Kenya,1962-01-01,44.2861158941561,3500000.0,25.97,630.0,569140.0,26.15,2052000.0,18.3371428571429,25.81,3.45714285714286,,,,,13.71
Kenya,1963-01-01,44.2949010788207,3500000.0,27.05,630.0,569140.0,26.16,2267000.0,17.46,25.77,4.57771428571429,,,,,14.2
Kenya,1964-01-01,44.3036862634853,3500000.0,27.89,630.0,569140.0,27.41,2733000.0,16.5228571428571,26.89,5.50428571428571,,,,,14.74
Kenya,1965-01-01,44.3124714481498,3500000.0,27.72,630.0,569140.0,27.97,3232000.0,16.3685714285714,27.37,6.864,,,,,14.59
Kenya,1966-01-01,44.3212566328144,3500000.0,27.97,630.0,569140.0,27.66,3115000.0,17.5571428571429,27.49,8.76342857142857,,,,,14.9
Kenya,1967-01-01,44.330041817479,3500000.0,29.46,630.0,569140.0,28.93,2455000.0,18.9057142857143,28.34,9.51428571428571,,,,,15.63
Kenya,1968-01-01,44.3388270021436,3500000.0,31.8,630.0,569140.0,31.16,3807000.0,14.0114285714286,30.4,9.37142857142857,,,,,16.77
Kenya,1969-01-01,44.3476121868082,3500000.0,33.13,630.0,569140.0,31.93,3837000.0,17.1371428571429,31.42,12.0857142857143,,,,,17.62
Kenya,1970-01-01,44.3563973714728,3500000.0,33.5,630.0,569140.0,32.53,9746000.0,20.7057142857143,32.07,14.1428571428571,,,,,17.83
Kenya,1971-01-01,44.3651825561373,3500000.0,33.5,630.0,569140.0,33.26,5053000.0,16.8314285714286,32.74,13.4857142857143,,,,,17.85
Kenya,1972-01-01,44.3739677408019,3500000.0,35.54,630.0,569140.0,34.66,5324000.0,17.2228571428571,34.4,15.1968571428571,,,,,19.07
Kenya,1973-01-01,44.3827529254665,3500000.0,38.41,630.0,569140.0,36.03,10826000.0,16.3457142857143,35.95,14.5605714285714,,,,,20.49
Kenya,1974-01-01,44.3915381101311,3500000.0,40.03,630.0,569140.0,36.74,16077000.0,17.7,36.83,15.0857142857143,,,,,21.18
Kenya,1975-01-01,44.9309484485364,3800000.0,39.82,630.0,569140.0,37.16,8795000.0,15.8236842105263,36.79,11.7089473684211,,,,,21.34
Kenya,1976-01-01,44.9414906701339,3800000.0,43.7,630.0,569140.0,40.03,11681000.0,15.7421052631579,39.65,14.1831578947368,,,,,23.44
Kenya,1977-01-01,44.9450047439997,3800000.0,46.15,630.0,569140.0,43.49,23624000.0,16.2789473684211,43.73,13.5584210526316,,,,,24.91
Kenya,1978-01-01,44.9450047439997,3800000.0,45.46,630.0,569140.0,44.02,25797000.0,16.9710526315789,44.08,13.4215789473684,,,,,24.54
Kenya,1979-01-01,44.9450047439997,3800000.0,49.16,630.0,569140.0,46.94,24572000.0,16.7736842105263,46.99,10.0789473684211,,,,,26.17
Kenya,1980-01-01,44.9450047439997,3800000.0,47.72,630.0,569140.0,44.64,29005000.0,17.2263157894737,45.16,16.2105263157895,13369000.0,2706000.0,2817000.0,5523000.0,25.36
Kenya,1981-01-01,44.9450047439997,3800000.0,50.12,630.0,569140.0,44.68,20186000.0,16.8394736842105,45.39,21.7894736842105,13844000.0,2802000.0,2915000.0,5717000.0,26.75
Kenya,1982-01-01,44.9450047439997,3800000.0,55.52,630.0,569140.0,50.55,16496000.0,17.5,50.79,16.5,14335000.0,2900000.0,3018000.0,5918000.0,29.68
Kenya,1983-01-01,44.9450047439997,3800000.0,55.8,630.0,569140.0,51.78,26842000.0,22.5473684210526,52.63,19.7631578947368,14840000.0,3000000.0,3127000.0,6127000.0,29.69
Kenya,1984-01-01,44.813226974031,3725000.0,47.19,630.0,569140.0,46.44,23850000.0,23.6241610738255,48.05,21.9481879194631,15359000.0,3105000.0,3239000.0,6344000.0,25.27
Kenya,1985-01-01,46.304951330077,4574000.0,56.68,630.0,569140.0,53.22,22594000.0,19.6764320069961,54.2,22.4311324879755,15888000.0,3218000.0,3352000.0,6570000.0,30.41
Kenya,1986-01-01,46.3383350318024,4593000.0,62.45,630.0,569140.0,59.08,30738000.0,20.0304811669933,59.74,21.4239059438276,16428000.0,3340000.0,3465000.0,6804000.0,33.56
Kenya,1987-01-01,46.4472713216432,4655000.0,58.36,630.0,569140.0,59.29,33183000.0,20.1933404940924,59.94,23.7084854994629,16974000.0,3464000.0,3582000.0,7046000.0,31.34
Kenya,1988-01-01,46.8461187054152,4882000.0,63.21,630.0,569140.0,64.36,42626000.0,19.6640721015977,65.12,24.8054076198279,17528000.0,3595000.0,3703000.0,7297000.0,34.04
Kenya,1989-01-01,47.5331201461855,5273000.0,69.42,630.0,569140.0,68.13,30000000.0,18.5852455907453,68.89,20.1213730324294,18085000.0,3727000.0,3833000.0,7561000.0,36.83
Kenya,1990-01-01,47.0358786941702,4990000.0,68.13,630.0,569140.0,66.51,24102000.0,20.0400801603206,67.52,21.3827655310621,18647000.0,3873000.0,3973000.0,7846000.0,36.04
Kenya,1991-01-01,47.2238816459922,5097000.0,70.97,630.0,569140.0,68.51,21136000.0,20.0117716303708,69.3,22.1110457131646,19186000.0,4021000.0,4120000.0,8141000.0,53.0
Kenya,1992-01-01,47.5665038479109,5292000.0,77.3,630.0,569140.0,72.63,30199000.0,19.8412698412698,72.69,19.2554799697657,19725000.0,4177000.0,4276000.0,8452000.0,53.83
Kenya,1993-01-01,47.1588712794743,5060000.0,73.73,630.0,569140.0,69.64,27954000.0,21.3438735177866,70.15,19.7628458498024,20258000.0,4336000.0,4436000.0,8772000.0,53.75
Kenya,1994-01-01,47.8476297571775,5452000.0,76.4,630.0,569140.0,71.37,23734000.0,20.1760821716801,71.62,23.8077769625825,20776000.0,4495000.0,4594000.0,9089000.0,55.38
Kenya,1995-01-01,47.8230312401167,5438000.0,77.26,630.0,569140.0,70.97,39712000.0,20.595807282089,72.59,14.4170650974623,21275000.0,4647000.0,4747000.0,9395000.0,58.7
Kenya,1996-01-01,46.4753839125698,4671000.0,70.2,630.0,569140.0,66.5,38627000.0,24.4059087989724,68.85,34.4251766217084,21754000.0,4793000.0,4894000.0,9686000.0,55.97
Kenya,1997-01-01,46.7266401939769,4814000.0,71.12,630.0,569140.0,69.89,41643000.0,24.0963855421687,70.77,27.9185708350644,22214000.0,4932000.0,5034000.0,9966000.0,53.37
Kenya,1998-01-01,46.4876831711003,4678000.0,79.08,630.0,569140.0,73.97,62802000.0,25.2244548952544,75.24,27.1697306541257,22664000.0,5066000.0,5170000.0,10236000.0,62.79
Kenya,1999-01-01,47.2221246090593,5096000.0,84.51,630.0,569140.0,80.62,40497000.0,23.5478806907378,81.15,29.0620094191523,23116000.0,5198000.0,5307000.0,10505000.0,62.19
Kenya,2000-01-01,46.8619320378114,4891000.0,77.26,692.0,569140.0,74.15,36220000.0,24.9437742792885,75.42,29.7904314046207,23576000.0,5311000.0,5446000.0,10757000.0,57.93
Kenya,2001-01-01,47.1571142425414,5128000.0,87.07,630.0,569140.0,82.7,38961000.0,24.5085803432137,83.54,29.2492199687988,24053000.0,5436000.0,5578000.0,11014000.0,66.82
Kenya,2002-01-01,47.1202164669501,5091000.0,87.39,630.0,569140.0,87.26,40167000.0,25.2288351993714,87.63,27.313101551758,24538000.0,5550000.0,5725000.0,11275000.0,66.42
Kenya,2003-01-01,47.2186105351934,5146000.0,88.0,630.0,569140.0,88.92,36615000.0,,89.27,33.0967741935484,25034000.0,5670000.0,5868000.0,11537000.0,67.59
Kenya,2004-01-01,47.4259408932776,5258000.0,86.67,630.0,569140.0,88.41,43181000.0,,89.37,27.6808672499049,25534000.0,5790000.0,6007000.0,11797000.0,69.09
Kenya,2005-01-01,47.4435112626067,5264000.0,104.6,630.0,569140.0,100.69,54793000.0,,100.77,34.3265577507599,26034000.0,5902000.0,6151000.0,12053000.0,78.4
Kenya,2006-01-01,47.5348771831184,5310000.0,108.73,630.0,569140.0,110.9,63795000.0,,109.86,33.154802259887,26535000.0,6021000.0,6281000.0,12302000.0,79.15
Kenya,2007-01-01,47.5629897740451,5300000.0,109.34,630.0,569140.0,115.49,70725000.0,,115.04,36.3952830188679,27035000.0,6114000.0,6399000.0,12513000.0,83.85
Kenya,2008-01-01,47.5893453280388,5300000.0,108.75,630.0,569140.0,112.86,84181000.0,,111.72,33.2875471698113,27543000.0,6216000.0,6522000.0,12737000.0,81.7
Kenya,2009-01-01,47.9407527146221,5500000.0,112.16,630.0,569140.0,118.99,80285000.0,,116.94,34.0430527272727,28065000.0,6322000.0,6649000.0,12971000.0,80.76
Kenya,2010-01-01,48.0022490072741,5500000.0,126.73,630.0,569140.0,126.17,95147900.0,,124.95,32.7925218181818,28605000.0,6435000.0,6785000.0,13220000.0,93.83
Kenya,2011-01-01,48.5469304564782,5800000.0,120.45,630.0,569140.0,123.1,,,121.73,39.5897896551724,29163000.0,6557000.0,6930000.0,13487000.0,86.47
Kenya,2012-01-01,48.7226341497698,5900000.0,,630.0,569140.0,,,,,47.2682525423729,29738000.0,6686000.0,7085000.0,13770000.0,92.56
Kenya,2013-01-01,48.5469304564782,5800000.0,,630.0,569140.0,,,,,56.5766551724138,,,,,100.35
Kenya,2014-01-01,48.5469304564782,5800000.0,,630.0,569140.0,,,,,47.7307603448276,,,,,101.59
Kenya,2015-01-01,48.5469304564782,5800000.0,,630.0,569140.0,,,,,38.8848655172414,,,,,98.27
Kenya,2016-01-01,48.5469304564782,5800000.0,,630.0,569140.0,,,,,48.3822017241379,,,,,100.14
Kenya,2017-01-01,48.5469304564782,5800000.0,,630.0,569140.0,,,,,63.0845431034483,,,,,97.25
Kenya,2018-01-01,48.5469304564782,5800000.0,,630.0,569140.0,,,,,48.1231310344828,,,,,108.82
Kenya,2019-01-01,48.5469304564782,5800000.0,,630.0,569140.0,,,,,57.2875706896552,,,,,108.6
Kenya,2020-01-01,48.5469304564782,5800000.0,,630.0,569140.0,,,,,65.2202603448276,,,,,125.95
Kenya,2021-01-01,,,,,,,,,,,,,,,119.11
Kenya,2022-01-01,,,,,,,,,,,,,,,
Rwanda,1960-01-01,,,,,,,,,,,,,,,
Rwanda,1961-01-01,53.3036076205918,485000.0,28.72,1212.0,24670.0,27.86,10000.0,0.412371134020619,28.01,,,,,,29.21
Rwanda,1962-01-01,53.7089582488853,490000.0,38.83,1212.0,24670.0,37.15,10000.0,0.510204081632653,37.11,,,,,,40.11
Rwanda,1963-01-01,54.1143088771788,495000.0,27.38,1212.0,24670.0,27.26,10000.0,0.565656565656566,27.05,,,,,,27.42
Rwanda,1964-01-01,54.5196595054722,500000.0,27.53,1212.0,24670.0,27.12,10000.0,0.66,27.14,,,,,,27.47
Rwanda,1965-01-01,54.9250101337657,505000.0,31.33,1212.0,24670.0,30.43,10000.0,0.732673267326733,30.54,,,,,,31.06
Rwanda,1966-01-01,55.3303607620592,510000.0,34.41,1212.0,24670.0,33.41,10000.0,0.784313725490196,33.27,,,,,,33.67
Rwanda,1967-01-01,55.7357113903527,515000.0,42.04,1212.0,24670.0,40.36,10000.0,0.83495145631068,40.36,0.0970873786407767,,,,,41.74
Rwanda,1968-01-01,56.0599918929874,521000.0,41.31,1212.0,24670.0,39.52,10000.0,0.921305182341651,39.62,0.17658349328215,,,,,41.41
Rwanda,1969-01-01,56.6274827725983,528000.0,44.51,1212.0,24670.0,42.55,10000.0,1.21212121212121,42.65,0.403409090909091,,,,,43.92
Rwanda,1970-01-01,56.9112282124037,522000.0,46.51,1212.0,24670.0,44.43,10000.0,1.22605363984674,44.62,0.383141762452107,,,,,46.04
Rwanda,1971-01-01,58.694770976895,560000.0,47.24,1212.0,24670.0,45.35,299000.0,1.16071428571429,45.7,0.392857142857143,,,,,46.71
Rwanda,1972-01-01,61.1268747466559,621000.0,46.09,1212.0,24670.0,44.65,152000.0,1.15942028985507,44.71,0.533011272141707,,,,,45.75
Rwanda,1973-01-01,61.0052695581678,610000.0,48.29,1212.0,24670.0,46.57,266000.0,1.31147540983607,46.88,0.545901639344262,,,,,48.0
Rwanda,1974-01-01,64.2075395216863,668000.0,46.2,1212.0,24670.0,44.61,489000.0,1.25748502994012,44.94,0.69311377245509,,,,,46.7
Rwanda,1975-01-01,65.342521280908,686000.0,51.71,1212.0,24670.0,50.02,580000.0,1.16618075801749,50.65,0.408163265306122,,,,,51.8
Rwanda,1976-01-01,66.4369679773004,700000.0,54.56,1212.0,24670.0,52.94,1004000.0,1.14285714285714,53.73,0.445714285714286,,,,,54.56
Rwanda,1977-01-01,67.4908796108634,715000.0,56.97,1212.0,24670.0,55.24,1050000.0,1.11888111888112,56.0,0.41958041958042,,,,,56.84
Rwanda,1978-01-01,68.0989055533036,730000.0,58.06,1212.0,24670.0,56.0,1156000.0,1.12328767123288,56.84,0.410958904109589,,,,,58.21
Rwanda,1979-01-01,68.7880016214025,745000.0,63.09,1212.0,24670.0,60.17,1093000.0,1.1006711409396,61.21,0.402684563758389,,,,,63.1
Rwanda,1980-01-01,69.5176327523308,760000.0,62.93,1212.0,24670.0,60.79,1120000.0,1.10526315789474,61.59,0.131578947368421,4815000.0,1165000.0,991000.0,2156000.0,63.06
Rwanda,1981-01-01,71.3417105796514,775000.0,69.36,1212.0,24670.0,66.36,1150000.0,1.08387096774194,67.6,0.387096774193548,4963000.0,1201000.0,1019000.0,2220000.0,69.77
Rwanda,1982-01-01,71.9497365220916,790000.0,72.67,1212.0,24670.0,69.64,1180000.0,1.06329113924051,70.7,1.26582278481013,5105000.0,1234000.0,1048000.0,2281000.0,72.82
Rwanda,1983-01-01,72.5577624645318,805000.0,72.93,1212.0,24670.0,69.35,1200000.0,1.04347826086957,70.82,0.869565217391304,5254000.0,1266000.0,1073000.0,2339000.0,72.44
Rwanda,1984-01-01,73.2873935954601,820000.0,66.53,1212.0,24670.0,63.38,1686000.0,1.02439024390244,64.88,1.95121951219512,5423000.0,1300000.0,1110000.0,2409000.0,65.71
Rwanda,1985-01-01,73.7332792865829,827000.0,80.05,1212.0,24670.0,75.28,1494000.0,1.02781136638452,77.69,1.69286577992745,5622000.0,1341000.0,1145000.0,2485000.0,78.8
Rwanda,1986-01-01,74.1791649777057,834000.0,72.9,1212.0,24670.0,69.02,1926000.0,1.01918465227818,71.36,1.23860911270983,5870000.0,1392000.0,1189000.0,2581000.0,72.09
Rwanda,1987-01-01,74.6655857316579,842000.0,72.95,1212.0,24670.0,68.77,2169000.0,1.02137767220903,71.32,2.36817102137767,6154000.0,1451000.0,1244000.0,2694000.0,72.28
Rwanda,1988-01-01,75.1114714227807,849000.0,70.24,1212.0,24670.0,66.44,3357000.0,1.03651354534747,69.19,0.660777385159011,6412000.0,1504000.0,1289000.0,2793000.0,70.41
Rwanda,1989-01-01,75.1925415484394,850000.0,78.91,1212.0,24670.0,75.31,3335000.0,1.05882352941176,77.07,0.691764705882353,6557000.0,1532000.0,1313000.0,2844000.0,79.32
Rwanda,1990-01-01,76.1653830563437,880000.0,75.61,1212.0,24670.0,72.05,3400000.0,1.02272727272727,73.97,3.39659090909091,6536000.0,1523000.0,1301000.0,2824000.0,73.61
Rwanda,1991-01-01,76.084312930685,880000.0,85.98,1212.0,24670.0,81.66,2977000.0,0.988636363636364,83.62,1.79886363636364,6310000.0,1470000.0,1244000.0,2714000.0,87.3
Rwanda,1992-01-01,74.4629104175112,880000.0,90.27,1212.0,24670.0,85.06,2762000.0,0.954545454545455,87.64,0.784090909090909,5921000.0,1383000.0,1147000.0,2530000.0,92.36
Rwanda,1993-01-01,70.125658694771,850000.0,63.43,1212.0,24670.0,61.41,3268000.0,0.952941176470588,63.54,1.64705882352941,5486000.0,1286000.0,1050000.0,2335000.0,65.35
Rwanda,1994-01-01,60.1945683015809,700000.0,41.45,1212.0,24670.0,43.54,3000000.0,1.11428571428571,43.28,,5167000.0,1206000.0,1006000.0,2212000.0,42.21
Rwanda,1995-01-01,60.1945683015809,700000.0,53.78,1212.0,24670.0,52.47,2567000.0,1.07142857142857,53.5,,5094000.0,1205000.0,973000.0,2178000.0,52.24
Rwanda,1996-01-01,62.6266720713417,750000.0,59.75,1212.0,24670.0,58.66,2134000.0,0.96,59.34,0.4,5302000.0,1268000.0,1008000.0,2276000.0,58.9
Rwanda,1997-01-01,64.6534252128091,800000.0,60.8,1212.0,24670.0,59.65,501000.0,0.8625,60.74,0.5,5746000.0,1387000.0,1094000.0,2481000.0,63.2
Rwanda,1998-01-01,65.464126469396,820000.0,67.97,1212.0,24670.0,67.18,1287000.0,0.804878048780488,68.23,0.365853658536585,6326000.0,1537000.0,1213000.0,2751000.0,70.07
Rwanda,1999-01-01,67.328739359546,866000.0,73.53,1212.0,24670.0,73.03,819000.0,0.727482678983834,73.25,0.346420323325635,6898000.0,1687000.0,1333000.0,3020000.0,75.6
Rwanda,2000-01-01,67.6935549250101,900000.0,83.77,1212.0,24670.0,82.26,1310000.0,0.666666666666667,82.28,0.333333333333333,7355000.0,1812000.0,1430000.0,3242000.0,83.49
Rwanda,2001-01-01,70.8958248885286,1000000.0,81.35,1212.0,24670.0,80.6,1801000.0,0.57,80.87,0.3,7670000.0,1904000.0,1498000.0,3403000.0,81.92
Rwanda,2002-01-01,74.2197000405351,1116000.0,101.23,1212.0,24670.0,98.93,1923000.0,0.50179211469534,98.79,2.19444444444444,7876000.0,1972000.0,1541000.0,3514000.0,100.55
Rwanda,2003-01-01,73.1252533441427,1094000.0,94.26,1212.0,24670.0,93.89,1479000.0,,93.43,2.23857404021938,8009000.0,2021000.0,1577000.0,3598000.0,91.48
Rwanda,2004-01-01,73.6068098905553,1110880.0,93.45,1212.0,24670.0,93.5,861000.0,,93.46,1.8318810312545,8134000.0,2068000.0,1607000.0,3675000.0,90.63
Rwanda,2005-01-01,72.2699635184435,1082900.0,100.96,1212.0,24670.0,100.54,2224000.0,,100.41,3.13971742543171,8295000.0,2123000.0,1645000.0,3768000.0,97.32
Rwanda,2006-01-01,73.0826915281719,1102950.0,105.59,1212.0,24670.0,105.95,2600000.0,,106.14,3.52327848043882,8497000.0,2189000.0,1692000.0,3881000.0,99.97
Rwanda,2007-01-01,73.1609241994325,1114880.0,105.05,1212.0,24670.0,106.71,2717000.0,,106.67,7.91475315729047,8723000.0,2244000.0,1740000.0,3984000.0,100.54
Rwanda,2008-01-01,73.2646939602756,1117440.0,109.5,1212.0,24670.0,110.79,5990000.0,,111.13,9.62288802978236,8971000.0,2314000.0,1791000.0,4106000.0,102.13
Rwanda,2009-01-01,73.3226591001216,1118870.0,138.04,1212.0,24670.0,137.08,5865000.0,,136.75,1.29058782521651,9231000.0,2387000.0,1845000.0,4232000.0,115.93
Rwanda,2010-01-01,73.1220105391163,1123920.0,144.72,1212.0,24670.0,145.96,5815800.0,,144.04,0.0836358459676845,9494000.0,2460000.0,1900000.0,4360000.0,110.47
Rwanda,2011-01-01,73.6295095257398,1141440.0,158.95,1212.0,24670.0,157.03,7059390.0,,156.63,0.0998738435660219,9761000.0,2533000.0,1955000.0,4488000.0,118.54
Rwanda,2012-01-01,73.6007296311309,1150730.0,,1212.0,24670.0,,,,,5.07006856517167,10035000.0,2606000.0,2012000.0,4618000.0,130.02
Rwanda,2013-01-01,74.6858532630726,1182500.0,,1212.0,24670.0,,,,,11.1723382663848,,,,,134.66
Rwanda,2014-01-01,73.3481961897041,1149500.0,,1212.0,24670.0,,,,,12.6142235754676,,,,,98.37
Rwanda,2015-01-01,73.4373733279287,1151700.0,,1212.0,24670.0,,,,,19.6927585308674,,,,,99.68
Rwanda,2016-01-01,73.4373733279287,1151700.0,,1212.0,24670.0,,,,,9.81021967526265,,,,,101.95
Rwanda,2017-01-01,73.4373733279287,1151700.0,,1212.0,24670.0,,,,,19.4687071285925,,,,,117.39
Rwanda,2018-01-01,73.4373733279287,1151700.0,,1212.0,24670.0,,,,,16.0048189632717,,,,,112.17
Rwanda,2019-01-01,73.4373733279287,1151700.0,,1212.0,24670.0,,,,,25.8949900147608,,,,,127.77
Rwanda,2020-01-01,73.4373733279287,1151700.0,,1212.0,24670.0,,,,,25.8954675696796,,,,,129.36
Rwanda,2021-01-01,,,,,,,,,,,,,,,136.27
Rwanda,2022-01-01,,,,,,,,,,,,,,,
Somalia,1960-01-01,,,,,,,,,,,,,,,
Somalia,1961-01-01,69.9859725188893,891000.0,56.2,282.0,627340.0,46.13,82000.0,8.41750841750842,46.19,,,,,,58.68
Somalia,1962-01-01,69.9939426786113,896000.0,57.27,282.0,627340.0,47.72,58000.0,8.37053571428571,47.82,,,,,,59.69
Somalia,1963-01-01,70.0019128383333,901000.0,59.36,282.0,627340.0,50.3,100000.0,8.32408435072142,50.36,,,,,,61.65
Somalia,1964-01-01,70.0098829980553,906000.0,61.68,282.0,627340.0,52.25,212000.0,8.60927152317881,52.3,,,,,,63.99
Somalia,1965-01-01,70.0178531577773,911000.0,66.03,282.0,627340.0,53.9,48000.0,8.56201975850714,53.95,,,,,,68.47
Somalia,1966-01-01,70.0258233174993,916000.0,67.16,282.0,627340.0,55.97,158000.0,8.73362445414847,56.01,,,,,,70.74
Somalia,1967-01-01,70.0337934772213,921000.0,69.12,282.0,627340.0,58.4,88000.0,9.01194353963084,58.45,,,,,,73.01
Somalia,1968-01-01,70.0417636369433,926000.0,68.51,282.0,627340.0,61.17,200000.0,9.1792656587473,61.22,,,,,,72.38
Somalia,1969-01-01,70.0497337966653,931000.0,72.15,282.0,627340.0,62.75,319000.0,9.45220193340494,62.77,,,,,,76.21
Somalia,1970-01-01,70.0577039563873,936000.0,79.5,282.0,627340.0,64.55,300000.0,9.72222222222222,64.6,,,,,,83.96
Somalia,1971-01-01,70.0656741161093,941000.0,77.97,282.0,627340.0,64.09,209000.0,9.9893730074389,64.1,,,,,,81.59
Somalia,1972-01-01,70.0736442758313,946000.0,90.84,282.0,627340.0,68.16,304000.0,10.8879492600423,68.23,,,,,,95.08
Somalia,1973-01-01,70.0816144355533,951000.0,79.69,282.0,627340.0,64.88,676000.0,11.882229232387,64.92,,,,,,83.65
Somalia,1974-01-01,70.0895845952753,955000.0,78.47,282.0,627340.0,62.01,345000.0,12.7748691099476,61.99,,,,,,82.62
Somalia,1975-01-01,70.0975547549973,960000.0,78.48,282.0,627340.0,67.93,482000.0,13.4375,67.95,,,,,,84.3
Somalia,1976-01-01,70.1055249147193,965000.0,78.32,282.0,627340.0,68.82,186000.0,14.0932642487047,68.83,,,,,,84.53
Somalia,1977-01-01,70.1134950744413,969000.0,74.88,282.0,627340.0,72.64,1167000.0,14.8606811145511,72.66,,,,,,81.75
Somalia,1978-01-01,70.1214652341633,974000.0,74.21,282.0,627340.0,75.71,2863000.0,15.5030800821355,75.74,,,,,,80.89
Somalia,1979-01-01,70.1294353938853,979000.0,74.58,282.0,627340.0,76.98,540000.0,16.1389172625128,77.04,,,,,,81.53
Somalia,1980-01-01,70.1374055536073,984000.0,75.98,282.0,627340.0,80.38,918000.0,16.7682926829268,80.39,,4968000.0,835000.0,1047000.0,1882000.0,82.97
Somalia,1981-01-01,70.1453757133293,989000.0,90.08,282.0,627340.0,83.18,163000.0,17.3913043478261,83.16,,5071000.0,849000.0,1070000.0,1919000.0,99.12
Somalia,1982-01-01,70.1533458730513,994000.0,98.95,282.0,627340.0,86.49,227000.0,18.1086519114688,86.57,,5057000.0,844000.0,1070000.0,1913000.0,108.49
Somalia,1983-01-01,70.1613160327733,999000.0,88.31,282.0,627340.0,83.12,515000.0,18.2182182182182,83.09,,4971000.0,832000.0,1052000.0,1885000.0,95.73
Somalia,1984-01-01,70.1692861924953,1004000.0,96.62,282.0,627340.0,82.52,400000.0,19.0737051792829,82.47,,4874000.0,819000.0,1033000.0,1852000.0,105.57
Somalia,1985-01-01,70.1772563522173,1009000.0,108.04,282.0,627340.0,88.41,400000.0,18.5827552031715,88.44,,4811000.0,808000.0,1021000.0,1829000.0,118.85
Somalia,1986-01-01,70.1852265119393,1014000.0,110.27,282.0,627340.0,87.85,350000.0,17.9487179487179,87.78,,4795000.0,801000.0,1022000.0,1822000.0,120.25
Somalia,1987-01-01,70.1931966716613,1018000.0,117.88,282.0,627340.0,93.81,350000.0,17.1905697445973,93.82,,4816000.0,807000.0,1026000.0,1834000.0,128.34
Somalia,1988-01-01,70.1995727994389,1021000.0,124.55,282.0,627340.0,97.12,400000.0,16.6503428011753,97.14,,4854000.0,814000.0,1035000.0,1850000.0,135.62
Somalia,1989-01-01,70.2011668313833,1021000.0,129.56,282.0,627340.0,98.04,400000.0,16.356513222331,98.01,,4884000.0,822000.0,1042000.0,1865000.0,141.35
Somalia,1990-01-01,70.2043548952721,1022000.0,120.98,282.0,627340.0,90.92,400000.0,15.9491193737769,90.93,,4889000.0,833000.0,1042000.0,1875000.0,131.77
Somalia,1991-01-01,70.2043548952721,1022000.0,81.23,282.0,627340.0,74.46,350000.0,15.6555772994129,74.49,,4857000.0,837000.0,1036000.0,1873000.0,88.68
Somalia,1992-01-01,70.2059489272165,1023000.0,73.59,282.0,627340.0,66.44,300000.0,14.9560117302053,66.43,,4804000.0,838000.0,1026000.0,1864000.0,71.49
Somalia,1993-01-01,70.2075429591609,1024000.0,68.3,282.0,627340.0,72.81,300000.0,14.16015625,72.69,,4747000.0,835000.0,1016000.0,1851000.0,74.35
Somalia,1994-01-01,70.2171071508273,1030000.0,85.78,282.0,627340.0,82.52,300000.0,13.3980582524272,82.51,,4712000.0,835000.0,1012000.0,1847000.0,93.5
Somalia,1995-01-01,70.2266713424937,1035000.0,80.43,282.0,627340.0,87.1,1000000.0,12.56038647343,87.12,,4715000.0,840000.0,1015000.0,1855000.0,85.36
Somalia,1996-01-01,70.2346415022157,1039000.0,80.04,282.0,627340.0,88.43,500000.0,12.0307988450433,88.49,,4763000.0,851000.0,1027000.0,1878000.0,85.05
Somalia,1997-01-01,70.2426116619377,1043000.0,83.29,282.0,627340.0,92.34,500000.0,11.025886864813,92.45,,4849000.0,868000.0,1047000.0,1915000.0,87.1
Somalia,1998-01-01,70.2442056938821,1043000.0,69.58,282.0,627340.0,89.22,500000.0,9.58772770853308,89.24,,4959000.0,887000.0,1071000.0,1958000.0,75.89
Somalia,1999-01-01,70.2442056938821,1043000.0,79.4,282.0,627340.0,89.05,500000.0,9.58772770853308,89.1,,5077000.0,907000.0,1097000.0,2004000.0,85.8
Somalia,2000-01-01,70.2442056938821,1043000.0,87.31,282.0,627340.0,89.58,500000.0,9.58772770853308,89.59,,5190000.0,927000.0,1121000.0,2048000.0,94.97
Somalia,2001-01-01,70.2505818216597,1045000.0,92.69,282.0,627340.0,89.45,400000.0,9.56937799043062,89.45,,5296000.0,947000.0,1143000.0,2091000.0,101.27
Somalia,2002-01-01,70.4976567730417,1200000.0,98.94,282.0,627340.0,93.36,400000.0,8.75,93.37,,5398000.0,968000.0,1164000.0,2132000.0,106.19
Somalia,2003-01-01,70.5773583702617,1250000.0,96.59,282.0,627340.0,95.73,300000.0,9.44,95.69,,5496000.0,989000.0,1183000.0,2173000.0,105.59
Somalia,2004-01-01,70.7383555966462,1350000.0,100.37,282.0,627340.0,97.02,400000.0,9.55555555555556,96.95,,5589000.0,1008000.0,1203000.0,2210000.0,105.49
Somalia,2005-01-01,70.7383555966462,1350000.0,102.92,282.0,627340.0,100.39,1000000.0,10.1555555555556,100.4,,5681000.0,1026000.0,1222000.0,2247000.0,102.61
Somalia,2006-01-01,70.4052029202665,1140000.0,96.71,282.0,627340.0,102.59,700000.0,12.0263157894737,102.65,,5769000.0,1043000.0,1240000.0,2283000.0,95.51
Somalia,2007-01-01,70.1820384480505,1000000.0,91.88,282.0,627340.0,98.83,1650000.0,,98.88,,5854000.0,1061000.0,1260000.0,2321000.0,90.59
Somalia,2008-01-01,70.3414416424905,1100000.0,91.34,282.0,627340.0,95.34,1450000.0,,95.34,,5938000.0,1079000.0,1278000.0,2356000.0,93.44
Somalia,2009-01-01,70.3414416424905,1100000.0,101.0,282.0,627340.0,99.26,1650000.0,,99.27,,6027000.0,1098000.0,1298000.0,2396000.0,94.19
Somalia,2010-01-01,70.3414416424905,1100000.0,109.48,282.0,627340.0,112.01,1350000.0,,112.01,,6121000.0,1119000.0,1321000.0,2440000.0,105.69
Somalia,2011-01-01,70.1820384480505,1000000.0,114.39,282.0,627340.0,113.21,,,113.22,,6223000.0,1143000.0,1346000.0,2490000.0,87.3
Somalia,2012-01-01,70.1772563522173,1000000.0,,282.0,627340.0,,,,,,6331000.0,1170000.0,1375000.0,2545000.0,109.93
Somalia,2013-01-01,70.3366595466573,1100000.0,,282.0,627340.0,,,,,,,,,,109.45
Somalia,2014-01-01,70.3366595466573,1100000.0,,282.0,627340.0,,,,,,,,,,101.43
Somalia,2015-01-01,70.3366595466573,1100000.0,,282.0,627340.0,,,,,,,,,,105.63
Somalia,2016-01-01,70.3366595466573,1100000.0,,282.0,627340.0,,,,,,,,,,92.93
Somalia,2017-01-01,70.3366595466573,1100000.0,,282.0,627340.0,,,,,,,,,,100.03
Somalia,2018-01-01,70.3366595466573,1100000.0,,282.0,627340.0,,,,,,,,,,104.66
Somalia,2019-01-01,70.3366595466573,1100000.0,,282.0,627340.0,,,,,,,,,,101.5
Somalia,2020-01-01,70.3366595466573,1100000.0,,282.0,627340.0,,,,,,,,,,100.52
Somalia,2021-01-01,,,,,,,,,,,,,,,100.2
Somalia,2022-01-01,,,,,,,,,,,,,,,
South Sudan,1960-01-01,,,,,,,,,,,,,,,
South Sudan,1961-01-01,,,,,,,,,,,,,,,
South Sudan,1962-01-01,,,,,,,,,,,,,,,
South Sudan,1963-01-01,,,,,,,,,,,,,,,
South Sudan,1964-01-01,,,,,,,,,,,,,,,
South Sudan,1965-01-01,,,,,,,,,,,,,,,
South Sudan,1966-01-01,,,,,,,,,,,,,,,
South Sudan,1967-01-01,,,,,,,,,,,,,,,
South Sudan,1968-01-01,,,,,,,,,,,,,,,
South Sudan,1969-01-01,,,,,,,,,,,,,,,
South Sudan,1970-01-01,,,,,,,,,,,,,,,
South Sudan,1971-01-01,,,,,,,,,,,,,,,
South Sudan,1972-01-01,,,,,,,,,,,,,,,
South Sudan,1973-01-01,,,,,,,,,,,,,,,
South Sudan,1974-01-01,,,,,,,,,,,,,,,
South Sudan,1975-01-01,,,,,,,,,,,,,,,
South Sudan,1976-01-01,,,,,,,,,,,,,,,
South Sudan,1977-01-01,,,,,,,,,,,,,,,
South Sudan,1978-01-01,,,,,,,,,,,,,,,
South Sudan,1979-01-01,,,,,,,,,,,,,,,
South Sudan,1980-01-01,,,,,,,,,,,,,,,
South Sudan,1981-01-01,,,,,,,,,,,,,,,
South Sudan,1982-01-01,,,,,,,,,,,,,,,
South Sudan,1983-01-01,,,,,,,,,,,,,,,
South Sudan,1984-01-01,,,,,,,,,,,,,,,
South Sudan,1985-01-01,,,,,,,,,,,,,,,
South Sudan,1986-01-01,,,,,,,,,,,,,,,
South Sudan,1987-01-01,,,,,,,,,,,,,,,
South Sudan,1988-01-01,,,,,,,,,,,,,,,
South Sudan,1989-01-01,,,,,,,,,,,,,,,
South Sudan,1990-01-01,,,,,,,,,,,,,,,
South Sudan,1991-01-01,,,,,,,,,,,,,,,
South Sudan,1992-01-01,,,,,,,,,,,,,,,
South Sudan,1993-01-01,,,,,,,,,,,,,,,
South Sudan,1994-01-01,,,,,,,,,,,,,,,
South Sudan,1995-01-01,,,,,,,,,,,,,,,
South Sudan,1996-01-01,,,,,,,,,,,,,,,
South Sudan,1997-01-01,,,,,,,,,,,,,,,
South Sudan,1998-01-01,,,,,,,,,,,,,,,
South Sudan,1999-01-01,,,,,,,,,,,,,,,
South Sudan,2000-01-01,,,,,,,,,,,,,,,
South Sudan,2001-01-01,,,,,,,,,,,,,,,
South Sudan,2002-01-01,,,,,,,,,,,,,,,
South Sudan,2003-01-01,,,,,,,,,,,,,,,
South Sudan,2004-01-01,,,,,,,,,,,,,,,
South Sudan,2005-01-01,,,,,,,,,,,,,,,
South Sudan,2006-01-01,,,,,,,,,,,,,,,
South Sudan,2007-01-01,,,,,,,,,,,,,,,
South Sudan,2008-01-01,,,,,,,,,,,,,,,
South Sudan,2009-01-01,,,,,,,,,,,,,,,
South Sudan,2010-01-01,,,,,,,,,,,,,,,
South Sudan,2011-01-01,,,,,,,,,,,,,,,
South Sudan,2012-01-01,45.0966285822797,2658712.5,,900.0,631930.0,,,,,,,,,,91.55
South Sudan,2013-01-01,45.0407877454781,2616425.0,,900.0,631930.0,,,,,,,,,,88.31
South Sudan,2014-01-01,44.9849469086766,2575137.5,,900.0,631930.0,,,,,,,,,,98.25
South Sudan,2015-01-01,44.929106071875,2537850.0,,900.0,631930.0,,,,,,,,,,103.33
South Sudan,2016-01-01,44.8732652350735,2502562.5,,900.0,631930.0,,,,,,,,,,98.41
South Sudan,2017-01-01,44.817424398272,2467275.0,,900.0,631930.0,,,,,,,,,,96.58
South Sudan,2018-01-01,44.7059009700441,2396700.0,,900.0,631930.0,,,,,,,,,,100.9
South Sudan,2019-01-01,44.7059009700441,2394700.0,,900.0,631930.0,,,,,,,,,,110.17
South Sudan,2020-01-01,44.7059009700441,2394700.0,,900.0,631930.0,,,,,,,,,,112.08
South Sudan,2021-01-01,,,,,,,,,,,,,,,114.0
South Sudan,2022-01-01,,,,,,,,,,,,,,,
Sudan,1960-01-01,,,,,,,,,,,,,,,
Sudan,1961-01-01,45.8080808080808,,29.15,,2376000.0,19.24,711000.0,,20.48,,,,,,
Sudan,1962-01-01,45.8501683501684,,32.99,,2376000.0,19.58,4907000.0,,22.12,,,,,,
Sudan,1963-01-01,45.8922558922559,,32.7,,2376000.0,20.66,3259000.0,,22.46,,,,,,
Sudan,1964-01-01,45.9351851851852,,29.01,,2376000.0,19.92,3131000.0,,20.92,,,,,,
Sudan,1965-01-01,45.9772727272727,,30.32,,2376000.0,19.99,4061000.0,,21.71,,,,,,
Sudan,1966-01-01,46.0185185185185,,29.81,,2376000.0,20.22,5142000.0,,22.0,,,,,,
Sudan,1967-01-01,46.0648148148148,,36.88,,2376000.0,23.04,5563000.0,,25.21,,,,,,
Sudan,1968-01-01,46.1056397306397,,30.81,,2376000.0,21.28,6977000.0,,23.4,,,,,,
Sudan,1969-01-01,46.1477272727273,,37.66,,2376000.0,23.32,6457000.0,,26.02,,,,,,
Sudan,1970-01-01,46.1889730639731,,40.27,,2376000.0,24.37,7359000.0,,27.09,,,,,,
Sudan,1971-01-01,46.2302188552189,,42.11,,2376000.0,25.05,11019000.0,,28.01,,,,,,
Sudan,1972-01-01,46.2714646464646,,42.85,,2376000.0,25.57,9186000.0,,28.34,,,,,,
Sudan,1973-01-01,46.3164983164983,,41.26,,2376000.0,26.16,11342000.0,,28.32,,,,,,
Sudan,1974-01-01,46.3404882154882,,49.56,,2376000.0,28.73,19886000.0,,31.97,,,,,,
Sudan,1975-01-01,46.3825757575758,,48.84,,2376000.0,29.48,33801000.0,,32.17,,,,,,
Sudan,1976-01-01,46.4225589225589,,45.09,,2376000.0,30.45,18924000.0,,31.42,,,,,,
Sudan,1977-01-01,46.4638047138047,,49.96,,2376000.0,32.6,23641000.0,,34.21,,,,,,
Sudan,1978-01-01,46.479797979798,,50.37,,2376000.0,33.31,22235000.0,,35.42,,,,,,
Sudan,1979-01-01,46.4793771043771,,42.83,,2376000.0,32.9,25000000.0,,33.9,,,,,,
Sudan,1980-01-01,46.4856902356902,,44.18,,2376000.0,34.88,39807000.0,,35.82,,14468000.0,1513000.0,3143000.0,4656000.0,
Sudan,1981-01-01,46.4983164983165,,50.54,,2376000.0,39.21,46819000.0,,39.86,,14913000.0,1570000.0,3226000.0,4796000.0,
Sudan,1982-01-01,46.523569023569,,42.68,,2376000.0,34.64,46889000.0,,36.12,,15373000.0,1626000.0,3316000.0,4942000.0,
Sudan,1983-01-01,46.5446127946128,,47.57,,2376000.0,36.07,51772000.0,,38.03,,15828000.0,1672000.0,3415000.0,5088000.0,
Sudan,1984-01-01,46.5677609427609,,43.97,,2376000.0,32.28,58256000.0,,34.77,,16239000.0,1652000.0,3473000.0,5125000.0,
Sudan,1985-01-01,47.4326599326599,,53.35,,2376000.0,38.78,40000000.0,,40.93,,16620000.0,1628000.0,3521000.0,5149000.0,
Sudan,1986-01-01,48.71632996633,,52.33,,2376000.0,38.13,35000000.0,,39.5,,16963000.0,1600000.0,3560000.0,5160000.0,
Sudan,1987-01-01,49.581228956229,,47.88,,2376000.0,35.24,25000000.0,,36.91,,17276000.0,1569000.0,3591000.0,5160000.0,
Sudan,1988-01-01,50.8606902356902,,59.1,,2376000.0,41.36,20000000.0,,41.97,,17575000.0,1537000.0,3617000.0,5154000.0,
Sudan,1989-01-01,51.7087542087542,,43.46,,2376000.0,35.63,15000000.0,,36.87,,17883000.0,1506000.0,3644000.0,5150000.0,
Sudan,1990-01-01,51.729797979798,,40.46,,2376000.0,35.12,12000000.0,,36.41,,18214000.0,1476000.0,3675000.0,5151000.0,
Sudan,1991-01-01,51.7529461279461,,54.45,,2376000.0,42.55,12500000.0,,43.08,,18479000.0,1553000.0,3706000.0,5259000.0,
Sudan,1992-01-01,52.1948653198653,,62.17,,2376000.0,47.25,13000000.0,,47.14,,18765000.0,1635000.0,3724000.0,5359000.0,
Sudan,1993-01-01,53.3388047138047,,52.19,,2376000.0,44.23,14000000.0,,44.21,,19070000.0,1723000.0,3715000.0,5438000.0,
Sudan,1994-01-01,53.9204545454545,,65.42,,2376000.0,51.47,15000000.0,,51.62,,19341000.0,1806000.0,3804000.0,5610000.0,
Sudan,1995-01-01,54.5639730639731,,64.4,,2376000.0,52.56,16300000.0,,53.1,,19618000.0,1898000.0,3863000.0,5760000.0,
Sudan,1996-01-01,54.9406565656566,,76.07,,2376000.0,57.39,9712000.0,,58.03,,19898000.0,1997000.0,3901000.0,5898000.0,
Sudan,1997-01-01,55.0639730639731,,74.18,,2376000.0,58.6,5926000.0,,58.91,,20136000.0,2041000.0,3939000.0,5980000.0,
Sudan,1998-01-01,55.1776094276094,,76.52,,2376000.0,62.42,3435000.0,,62.49,,20375000.0,2097000.0,3965000.0,6063000.0,
Sudan,1999-01-01,55.2828282828283,,71.7,,2376000.0,63.72,7247000.0,,63.79,,20604000.0,2159000.0,3984000.0,6144000.0,
Sudan,2000-01-01,55.3766835016835,,73.77,,2376000.0,67.02,11541000.0,,66.95,,20825000.0,2230000.0,3993000.0,6223000.0,
Sudan,2001-01-01,55.594696969697,,85.9,,2376000.0,74.29,6141000.0,,74.46,,20983000.0,2256000.0,4033000.0,6289000.0,
Sudan,2002-01-01,55.8139730639731,,84.07,,2376000.0,78.78,7805000.0,,78.45,,21134000.0,2293000.0,4062000.0,6354000.0,
Sudan,2003-01-01,56.6203703703704,,97.69,,2376000.0,90.37,8217000.0,,89.81,,21286000.0,2342000.0,4079000.0,6422000.0,
Sudan,2004-01-01,56.6064814814815,,94.19,,2376000.0,91.98,15844000.0,,91.85,,21430000.0,2384000.0,4105000.0,6489000.0,
Sudan,2005-01-01,56.9107744107744,,101.16,,2376000.0,99.89,11490000.0,,100.13,,21602000.0,2449000.0,4117000.0,6566000.0,
Sudan,2006-01-01,57.2613636363636,,104.65,,2376000.0,108.13,17610000.0,,108.02,,21802000.0,2535000.0,4118000.0,6653000.0,
Sudan,2007-01-01,57.4978956228956,,102.72,,2376000.0,107.82,12295000.0,,107.55,,21966000.0,2604000.0,4186000.0,6789000.0,
Sudan,2008-01-01,57.5328282828283,,100.22,,2376000.0,110.05,5845000.0,,109.31,,22140000.0,2674000.0,4227000.0,6901000.0,
Sudan,2009-01-01,57.7718013468013,,105.36,,2376000.0,112.18,91361000.0,,111.7,,22301000.0,2744000.0,4270000.0,7014000.0,
Sudan,2010-01-01,57.7635521885522,,95.42,,2376000.0,109.43,36500000.0,,108.5,,22443000.0,2811000.0,4313000.0,7124000.0,
Sudan,2011-01-01,57.7635521885522,,,,2376000.0,,,,,,22563000.0,2876000.0,4355000.0,7232000.0,
Sudan,2012-01-01,36.5134689507495,19856760.0,,250.0,1868000.0,,,,,3.32788732905066,22664000.0,2939000.0,4397000.0,7336000.0,69.54
Sudan,2013-01-01,36.5067237687366,19839960.0,,250.0,1868000.0,,,,,2.61245839205321,,,,,91.93
Sudan,2014-01-01,36.5022269807281,19823160.0,,250.0,1868000.0,,,,,4.20062593451296,,,,,106.94
Sudan,2015-01-01,36.665460385439,20080080.0,,250.0,1868000.0,,,,,4.47432480348684,,,,,85.36
Sudan,2016-01-01,36.8286937901499,20385000.0,,250.0,1868000.0,,,,,9.38239636987982,,,,,107.7
Sudan,2017-01-01,36.9919271948608,20689920.0,,250.0,1868000.0,,,,,8.33866539841623,,,,,103.4
Sudan,2018-01-01,37.1551605995717,20994840.0,,250.0,1868000.0,,,,,8.13166854331826,,,,,131.5
Sudan,2019-01-01,37.1551605995717,20994840.0,,250.0,1868000.0,,,,,7.10201316132916,,,,,125.21
Sudan,2020-01-01,37.1551605995717,20994840.0,,250.0,1868000.0,,,,,7.10308818738319,,,,,126.03
Sudan,2021-01-01,,,,,,,,,,,,,,,123.41
Sudan,2022-01-01,,,,,,,,,,,,,,,
Tanzania,1960-01-01,,,,,,,,,,,,,,,
Tanzania,1961-01-01,29.3519981937232,5200000.0,26.65,1071.0,885800.0,24.16,720000.0,31.8269230769231,27.25,0.523653846153846,,,,,14.32
Tanzania,1962-01-01,29.3519981937232,5050000.0,27.97,1071.0,885800.0,24.99,810000.0,32.8712871287129,28.3,0.471287128712871,,,,,14.94
Tanzania,1963-01-01,30.4809212011741,6100000.0,30.86,1071.0,885800.0,27.24,1145000.0,27.2950819672131,30.85,0.508196721311475,,,,,16.55
Tanzania,1964-01-01,30.4809212011741,6000000.0,31.17,1071.0,885800.0,27.2,1475000.0,27.8333333333333,31.22,0.65,,,,,16.69
Tanzania,1965-01-01,30.4809212011741,6000000.0,32.08,1071.0,885800.0,27.65,1910000.0,27.9166666666667,32.07,1.16666666666667,,,,,17.26
Tanzania,1966-01-01,30.4809212011741,6000000.0,35.95,1071.0,885800.0,30.81,2860000.0,28.0,35.75,1.46666666666667,,,,,19.36
Tanzania,1967-01-01,30.4809212011741,6000000.0,34.79,1071.0,885800.0,30.73,1450000.0,28.0833333333333,35.21,1.45,,,,,18.55
Tanzania,1968-01-01,30.4809212011741,6000000.0,33.46,1071.0,885800.0,30.28,1459000.0,28.1666666666667,34.25,1.5,,,,,17.91
Tanzania,1969-01-01,30.4809212011741,6000000.0,35.01,1071.0,885800.0,31.24,1717000.0,28.25,35.63,1.83333333333333,,,,,18.85
Tanzania,1970-01-01,31.609844208625,7000000.0,36.56,1071.0,885800.0,32.87,2793000.0,24.2857142857143,37.29,2.14285714285714,,,,,19.76
Tanzania,1971-01-01,32.7387672160759,7000000.0,36.03,1071.0,885800.0,33.11,2716000.0,24.14,37.17,2.48571428571429,,,,,19.27
Tanzania,1972-01-01,32.7387672160759,7000000.0,37.24,1071.0,885800.0,33.26,3516000.0,22.5714285714286,37.51,2.28971428571429,,,,,19.9
Tanzania,1973-01-01,32.7387672160759,7000000.0,39.66,1071.0,885800.0,35.13,8507000.0,21.5714285714286,39.08,2.84814285714286,,,,,21.37
Tanzania,1974-01-01,32.7387672160759,7000000.0,39.51,1071.0,885800.0,35.23,10577000.0,20.4285714285714,39.28,4.44914285714286,,,,,21.6
Tanzania,1975-01-01,32.7387672160759,7000000.0,44.08,1071.0,885800.0,40.1,7485000.0,19.4285714285714,43.02,4.23857142857143,,,,,24.17
Tanzania,1976-01-01,32.7387672160759,7000000.0,45.67,1071.0,885800.0,41.49,9559000.0,18.1428571428571,44.67,4.38871428571429,,,,,25.25
Tanzania,1977-01-01,32.7387672160759,7000000.0,48.28,1071.0,885800.0,44.54,22240000.0,16.8571428571429,47.26,4.24942857142857,,,,,26.88
Tanzania,1978-01-01,33.8676902235268,8000000.0,48.74,1071.0,885800.0,45.27,24271000.0,14.0,47.87,3.6625,,,,,27.41
Tanzania,1979-01-01,33.8676902235268,8000000.0,51.61,1071.0,885800.0,47.8,19343000.0,13.0,50.18,3.75,,,,,28.88
Tanzania,1980-01-01,33.8676902235268,8000000.0,48.6,1071.0,885800.0,45.13,23281000.0,12.5,47.56,4.4375,15706000.0,4192000.0,3614000.0,7806000.0,27.24
Tanzania,1981-01-01,34.9966132309776,8000000.0,50.38,1071.0,885800.0,47.33,12360000.0,11.875,49.68,3.6375,16177000.0,4320000.0,3722000.0,8042000.0,28.15
Tanzania,1982-01-01,34.9966132309776,8000000.0,52.21,1071.0,885800.0,49.67,14000000.0,11.625,51.56,3.651125,16664000.0,4453000.0,3836000.0,8289000.0,29.19
Tanzania,1983-01-01,34.9966132309776,8000000.0,54.99,1071.0,885800.0,52.38,15000000.0,10.875,53.97,2.862625,17164000.0,4591000.0,3954000.0,8545000.0,30.62
Tanzania,1984-01-01,34.9966132309776,8000000.0,56.32,1071.0,885800.0,53.64,17000000.0,10.625,55.44,4.5375,17675000.0,4732000.0,4077000.0,8810000.0,31.29
Tanzania,1985-01-01,36.1255362384285,9000000.0,58.05,1071.0,885800.0,56.42,22000000.0,8.88888888888889,57.47,4.6,18198000.0,4878000.0,4200000.0,9078000.0,32.52
Tanzania,1986-01-01,36.1255362384285,9000000.0,60.35,1071.0,885800.0,57.67,26000000.0,8.33333333333333,59.77,4.71988888888889,18728000.0,5027000.0,4323000.0,9351000.0,33.58
Tanzania,1987-01-01,36.1255362384285,9000000.0,59.84,1071.0,885800.0,57.42,24000000.0,8.06888888888889,59.66,5.31566666666667,19267000.0,5180000.0,4447000.0,9627000.0,33.66
Tanzania,1988-01-01,36.1255362384285,9000000.0,57.96,1071.0,885800.0,57.35,25000000.0,8.10555555555556,58.96,4.57677777777778,19824000.0,5339000.0,4576000.0,9915000.0,32.16
Tanzania,1989-01-01,36.1255362384285,9000000.0,61.43,1071.0,885800.0,61.13,23000000.0,8.14444444444444,62.13,4.92222222222222,20411000.0,5509000.0,4715000.0,10223000.0,34.34
Tanzania,1990-01-01,35.2110973131632,9000000.0,62.87,1071.0,885800.0,62.24,18000000.0,8.18333333333333,63.75,5.2,21035000.0,5694000.0,4860000.0,10554000.0,35.23
Tanzania,1991-01-01,35.631056671935,9003000.0,64.56,1071.0,885800.0,63.07,17000000.0,8.2194823947573,65.74,5.51804953904254,21634000.0,5879000.0,5010000.0,10889000.0,36.51
Tanzania,1992-01-01,36.0510160307067,8800000.0,61.82,1071.0,885800.0,61.43,16000000.0,8.44886363636364,64.05,5.44579545454545,22261000.0,6066000.0,5171000.0,11237000.0,35.66
Tanzania,1993-01-01,36.4709753894784,8900000.0,61.39,1071.0,885800.0,62.47,15000000.0,8.39325842696629,64.44,4.07865168539326,22898000.0,6257000.0,5334000.0,11591000.0,35.33
Tanzania,1994-01-01,36.8909347482502,8900000.0,58.92,1071.0,885800.0,61.05,14000000.0,8.42696629213483,62.48,4.03370786516854,23517000.0,6443000.0,5491000.0,11935000.0,34.01
Tanzania,1995-01-01,37.3108941070219,8900000.0,63.75,1071.0,885800.0,65.72,16856000.0,8.45505617977528,68.06,3.03370786516854,24100000.0,6619000.0,5636000.0,12254000.0,36.94
Tanzania,1996-01-01,37.7308534657936,9000000.0,67.75,1071.0,885800.0,66.18,13723000.0,9.42222222222222,68.75,3.46822222222222,24643000.0,6782000.0,5764000.0,12546000.0,38.66
Tanzania,1997-01-01,38.0480921201174,8908000.0,63.54,1071.0,885800.0,63.37,10158000.0,11.7141894925909,65.69,4.48810058374495,25152000.0,6934000.0,5882000.0,12816000.0,36.54
Tanzania,1998-01-01,38.1575976518401,8725000.0,69.2,1071.0,885800.0,69.23,13162000.0,14.2005730659026,70.9,3.53650429799427,25642000.0,7077000.0,5992000.0,13069000.0,39.43
Tanzania,1999-01-01,38.2704899525852,8700000.0,68.32,1071.0,885800.0,71.67,13980000.0,16.4885057471264,73.24,2.41149425287356,26132000.0,7218000.0,6096000.0,13314000.0,39.06
Tanzania,2000-01-01,38.3833822533303,8600000.0,67.08,1071.0,885800.0,69.71,14542000.0,18.953488372093,71.07,2.60511627906977,26640000.0,7362000.0,6195000.0,13557000.0,38.87
Tanzania,2001-01-01,38.4962745540754,8530000.0,73.73,1071.0,885800.0,75.62,15378000.0,21.400937866354,77.79,0.923094958968347,27168000.0,7509000.0,6290000.0,13798000.0,43.28
Tanzania,2002-01-01,38.6091668548205,8600000.0,94.6,1071.0,885800.0,94.15,13495000.0,24.6593023255814,94.16,3.69976744186047,27712000.0,7671000.0,6404000.0,14075000.0,55.0
Tanzania,2003-01-01,38.6881914653421,8540000.0,82.76,1071.0,885800.0,85.27,17990000.0,,85.63,4.45550351288056,28276000.0,7838000.0,6522000.0,14360000.0,46.08
Tanzania,2004-01-01,39.2380898622714,9097100.0,98.98,1071.0,885800.0,97.82,16124000.0,,98.05,5.52340855877148,28860000.0,8014000.0,6644000.0,14657000.0,56.06
Tanzania,2005-01-01,39.8670128697223,9654200.0,95.73,1071.0,885800.0,95.9,18148000.0,,97.39,5.78173230303909,29467000.0,8198000.0,6773000.0,14970000.0,56.33
Tanzania,2006-01-01,40.4959358771732,10211300.0,105.29,1071.0,885800.0,106.28,21003000.0,,104.56,5.12735890630968,30096000.0,8391000.0,6912000.0,15303000.0,61.12
Tanzania,2007-01-01,41.1135696545496,10768400.0,105.61,1071.0,885800.0,105.54,19263000.0,,104.99,4.70970617733368,30740000.0,8583000.0,7092000.0,15674000.0,63.0
Tanzania,2008-01-01,41.7412508466923,11325700.0,107.01,1071.0,885800.0,106.08,45293100.0,,105.79,4.67662042964232,31418000.0,8799000.0,7253000.0,16052000.0,63.54
Tanzania,2009-01-01,41.9809212011741,11507100.0,110.36,1071.0,885800.0,109.87,41589100.0,,108.93,7.51996593407548,32124000.0,9028000.0,7425000.0,16453000.0,65.1
Tanzania,2010-01-01,42.2205915556559,11688500.0,129.58,1071.0,885800.0,125.7,38974600.0,,123.97,8.72010950934679,32856000.0,9271000.0,7608000.0,16879000.0,76.41
Tanzania,2011-01-01,42.4602619101377,11869900.0,135.83,1071.0,885800.0,129.28,40647110.0,,129.58,8.91877774875947,33615000.0,9527000.0,7802000.0,17329000.0,84.0
Tanzania,2012-01-01,42.3318965906525,12051300.0,,1071.0,885800.0,,,,,8.6888551442583,34399000.0,9797000.0,8008000.0,17805000.0,87.84
Tanzania,2013-01-01,42.9396026191014,12232700.0,,1071.0,885800.0,,,,,12.3800313912709,,,,,95.52
Tanzania,2014-01-01,43.1792729735832,12414100.0,,1071.0,885800.0,,,,,9.68271964943089,,,,,99.9
Tanzania,2015-01-01,43.418943328065,12595500.0,,1071.0,885800.0,,,,,9.5554039140963,,,,,104.41
Tanzania,2016-01-01,43.6586136825469,12776900.0,,1071.0,885800.0,,,,,13.3178376601523,,,,,95.69
Tanzania,2017-01-01,43.8982840370287,12958300.0,,1071.0,885800.0,,,,,12.6263491353032,,,,,96.86
Tanzania,2018-01-01,44.1379543915105,13139700.0,,1071.0,885800.0,,,,,16.2927464097354,,,,,103.51
Tanzania,2019-01-01,44.3776247459923,13321100.0,,1071.0,885800.0,,,,,16.045010547177,,,,,104.94
Tanzania,2020-01-01,44.6163919620682,13502500.0,,1071.0,885800.0,,,,,16.4433475282355,,,,,106.03
Tanzania,2021-01-01,,,,,,,,,,,,,,,104.84
Tanzania,2022-01-01,,,,,,,,,,,,,,,
Uganda,1960-01-01,,,,,,,,,,,,,,,
Uganda,1961-01-01,45.1328762324208,3150000.0,36.77,1180.0,199810.0,33.15,338000.0,1.66666666666667,34.87,0.825396825396825,,,,,43.36
Uganda,1962-01-01,45.6133326660327,3200000.0,36.84,1180.0,199810.0,33.36,529000.0,1.65625,34.39,0.84375,,,,,44.06
Uganda,1963-01-01,46.3340173164506,3269000.0,41.73,1180.0,199810.0,35.97,1577000.0,1.65188130926889,38.38,0.978892627714897,,,,,49.85
Uganda,1964-01-01,49.4119413442771,3785000.0,43.13,1180.0,199810.0,36.75,1219000.0,1.42668428005284,39.46,0.95112285336856,,,,,51.66
Uganda,1965-01-01,49.4019318352435,3768000.0,37.93,1180.0,199810.0,32.47,751000.0,1.53662420382166,36.2,1.15817409766454,,,,,44.43
Uganda,1966-01-01,49.4719983984786,3776000.0,39.42,1180.0,199810.0,33.78,1161000.0,2.18220338983051,37.23,1.39618644067797,,,,,46.41
Uganda,1967-01-01,49.4870126620289,3772000.0,46.12,1180.0,199810.0,39.54,1387000.0,2.49204665959703,42.48,1.00106044538706,,,,,54.66
Uganda,1968-01-01,49.6721885791502,3780000.0,48.91,1180.0,199810.0,43.05,1881000.0,2.77777777777778,44.33,1.25026455026455,,,,,58.22
Uganda,1969-01-01,49.79730744207,3780000.0,56.05,1180.0,199810.0,46.78,1802000.0,3.0952380952381,50.76,1.20899470899471,,,,,67.21
Uganda,1970-01-01,49.9474500775737,3780000.0,70.4,1180.0,199810.0,60.25,2180000.0,3.38624338624339,61.87,1.85185185185185,,,,,85.07
Uganda,1971-01-01,50.1976878034132,3800000.0,68.05,1180.0,199810.0,59.09,2110000.0,3.68421052631579,60.03,2.13157894736842,,,,,82.1
Uganda,1972-01-01,50.5480206195886,3850000.0,69.57,1180.0,199810.0,60.37,2047000.0,3.92207792207792,61.64,1.99896103896104,,,,,83.38
Uganda,1973-01-01,50.9484009809319,3900000.0,69.77,1180.0,199810.0,60.17,2970000.0,4.17948717948718,61.56,1.84282051282051,,,,,84.64
Uganda,1974-01-01,51.3688003603423,3950000.0,72.91,1180.0,199810.0,64.21,3076000.0,4.4126582278481,63.89,0.911392405063291,,,,,89.45
Uganda,1975-01-01,52.0844802562434,4025000.0,77.6,1180.0,199810.0,69.04,3029000.0,4.30062111801242,68.03,0.419627329192547,,,,,94.61
Uganda,1976-01-01,52.740103097943,4072000.0,71.27,1180.0,199810.0,65.29,1549000.0,4.06679764243615,63.53,0.406679764243615,,,,,86.48
Uganda,1977-01-01,52.740103097943,4023000.0,71.11,1180.0,199810.0,65.61,2000000.0,5.16032811334825,63.54,0.273427790206314,,,,,86.6
Uganda,1978-01-01,53.100445423152,4080000.0,70.36,1180.0,199810.0,66.44,2300000.0,,63.76,0.0735294117647059,,,,,85.95
Uganda,1979-01-01,53.100445423152,4080000.0,49.09,1180.0,199810.0,49.2,2500000.0,,47.43,,,,,,60.11
Uganda,1980-01-01,53.4507782393274,4080000.0,48.6,1180.0,199810.0,47.57,2700000.0,,46.75,0.196078431372549,10922000.0,2447000.0,2499000.0,4946000.0,59.31
Uganda,1981-01-01,53.8511586006706,4120000.0,53.19,1180.0,199810.0,52.29,2200000.0,,50.65,0.145631067961165,11221000.0,2514000.0,2565000.0,5079000.0,63.86
Uganda,1982-01-01,54.2515389620139,4180000.0,58.73,1180.0,199810.0,55.92,2400000.0,,55.15,,11527000.0,2582000.0,2635000.0,5217000.0,71.15
Uganda,1983-01-01,56.5537260397378,4600000.0,61.76,1180.0,199810.0,58.78,2500000.0,,58.18,,11849000.0,2657000.0,2704000.0,5360000.0,74.45
Uganda,1984-01-01,57.5546769430959,4800000.0,57.54,1180.0,199810.0,55.3,2700000.0,,54.91,0.104166666666667,12194000.0,2730000.0,2785000.0,5515000.0,69.45
Uganda,1985-01-01,58.055152394775,4900000.0,58.85,1180.0,199810.0,56.6,3000000.0,,56.11,0.0408163265306122,12567000.0,2808000.0,2875000.0,5683000.0,71.19
Uganda,1986-01-01,59.1411841249187,5000000.0,59.81,1180.0,199810.0,56.1,3100000.0,,55.59,0.0776,12972000.0,2895000.0,2969000.0,5865000.0,72.76
Uganda,1987-01-01,59.1411841249187,5000000.0,63.69,1180.0,199810.0,59.22,3200000.0,,58.38,0.235,13406000.0,2992000.0,3067000.0,6058000.0,77.07
Uganda,1988-01-01,59.1411841249187,5000000.0,66.75,1180.0,199810.0,62.68,3500000.0,,61.32,0.0262,13862000.0,3098000.0,3162000.0,6260000.0,80.39
Uganda,1989-01-01,59.3663980781743,5000000.0,70.91,1180.0,199810.0,66.98,3600000.0,,66.06,0.071,14326000.0,3203000.0,3260000.0,6464000.0,84.85
Uganda,1990-01-01,59.8668735298534,5000000.0,72.67,1180.0,199810.0,70.63,3300000.0,,68.69,0.0384,14793000.0,3309000.0,3356000.0,6665000.0,86.82
Uganda,1991-01-01,60.2172063460287,5020000.0,74.42,1180.0,199810.0,72.04,3500000.0,,70.48,0.239043824701195,15231000.0,3406000.0,3446000.0,6852000.0,86.95
Uganda,1992-01-01,60.3173014363645,5040000.0,72.79,1180.0,199810.0,71.62,3000000.0,,69.49,0.158730158730159,15668000.0,3500000.0,3535000.0,7036000.0,85.02
Uganda,1993-01-01,60.4674440718683,5040000.0,77.75,1180.0,199810.0,75.59,3000000.0,,74.06,0.436507936507937,16103000.0,3595000.0,3620000.0,7216000.0,91.14
Uganda,1994-01-01,60.5675391622041,5060000.0,77.99,1180.0,199810.0,74.21,4000000.0,,73.54,0.375494071146245,16534000.0,3687000.0,3703000.0,7391000.0,92.7
Uganda,1995-01-01,60.6676342525399,5060000.0,81.55,1180.0,199810.0,77.91,7000000.0,,76.49,0.256916996047431,16964000.0,3782000.0,3780000.0,7561000.0,96.61
Uganda,1996-01-01,60.9178719783795,5060000.0,79.96,1180.0,199810.0,74.32,11167000.0,,75.07,0.118577075098814,17390000.0,3871000.0,3856000.0,7727000.0,95.79
Uganda,1997-01-01,60.9178719783795,5060000.0,80.11,1180.0,199810.0,76.07,12000000.0,,75.25,0.118577075098814,17812000.0,3952000.0,3938000.0,7890000.0,96.56
Uganda,1998-01-01,61.2682047945548,5080000.0,87.11,1180.0,199810.0,82.6,13838000.0,,82.07,0.695866141732283,18238000.0,4035000.0,4021000.0,8056000.0,104.26
Uganda,1999-01-01,61.3682998848906,5100000.0,92.44,1180.0,199810.0,86.4,9511000.0,,87.71,0.878235294117647,18678000.0,4125000.0,4106000.0,8231000.0,109.82
Uganda,2000-01-01,62.6194885140884,5300000.0,93.46,1180.0,199810.0,89.54,9441000.0,,88.49,1.25264150943396,19138000.0,4221000.0,4199000.0,8420000.0,110.86
Uganda,2001-01-01,63.1199639657675,5400000.0,99.4,1180.0,199810.0,94.39,6214000.0,,94.23,1.07407407407407,19620000.0,4322000.0,4307000.0,8629000.0,118.26
Uganda,2002-01-01,64.1209148691257,5600000.0,103.05,1180.0,199810.0,98.06,7873000.0,,99.01,1.33267857142857,20121000.0,4430000.0,4422000.0,8852000.0,122.91
Uganda,2003-01-01,65.622341224163,5850000.0,102.48,1180.0,199810.0,101.01,10716000.0,,100.78,1.59504273504273,20639000.0,4542000.0,4548000.0,9090000.0,122.5
Uganda,2004-01-01,66.3730544016816,5950000.0,102.07,1180.0,199810.0,100.83,10931000.0,,101.08,1.47193277310924,21171000.0,4661000.0,4676000.0,9337000.0,121.96
Uganda,2005-01-01,66.3730544016816,5950000.0,99.77,1180.0,199810.0,99.78,13894000.0,,100.17,0.967394957983193,21714000.0,4783000.0,4810000.0,9592000.0,120.14
Uganda,2006-01-01,67.3777588709274,6100000.0,98.16,1180.0,199810.0,99.4,3000.0,,98.74,1.2544262295082,22265000.0,4908000.0,4946000.0,9854000.0,117.55
Uganda,2007-01-01,68.3824633401732,6250000.0,101.15,1180.0,199810.0,101.67,20511000.0,,102.04,1.19952,22827000.0,5050000.0,5095000.0,10144000.0,122.39
Uganda,2008-01-01,69.6374055352585,6450000.0,104.96,1180.0,199810.0,104.34,30715000.0,,105.8,2.94201550387597,23396000.0,5186000.0,5243000.0,10429000.0,88.73
Uganda,2009-01-01,70.6421100045043,6600000.0,108.96,1180.0,199810.0,109.39,22110300.0,,109.86,2.08272727272727,23972000.0,5326000.0,5394000.0,10720000.0,93.08
Uganda,2010-01-01,71.1400359066427,6750000.0,110.34,1180.0,200520.0,111.11,32575500.0,,111.49,1.71940740740741,24554000.0,5467000.0,5549000.0,11016000.0,95.82
Uganda,2011-01-01,71.6387392778775,6850000.0,115.35,1180.0,200520.0,114.99,,,115.09,1.76175182481752,25139000.0,5611000.0,5706000.0,11317000.0,96.22
Uganda,2012-01-01,71.8880909634949,6900000.0,,1180.0,200520.0,,,,,2.12519275362319,25727000.0,5755000.0,5866000.0,11621000.0,96.0
Uganda,2013-01-01,71.8880909634949,6900000.0,,1180.0,200520.0,,,,,2.4417,,,,,98.95
Uganda,2014-01-01,71.8880909634949,6900000.0,,1180.0,200520.0,,,,,1.81999565217391,,,,,103.15
Uganda,2015-01-01,71.8880909634949,6900000.0,,1180.0,200520.0,,,,,1.58690869565217,,,,,104.94
Uganda,2016-01-01,71.8880909634949,6900000.0,,1180.0,200520.0,,,,,1.91084782608696,,,,,91.92
Uganda,2017-01-01,71.8880909634949,6900000.0,,1180.0,200520.0,,,,,2.06208985507246,,,,,105.08
Uganda,2018-01-01,71.8880909634949,6900000.0,,1180.0,200520.0,,,,,3.29568985507246,,,,,103.86
Uganda,2019-01-01,71.8880909634949,6900000.0,,1180.0,200520.0,,,,,3.29568985507246,,,,,122.71
Uganda,2020-01-01,71.8880909634949,6900000.0,,1180.0,200520.0,,,,,2.44235507246377,,,,,139.67
Uganda,2021-01-01,,,,,,,,,,,,,,,133.51
Uganda,2022-01-01,,,,,,,,,,,,,,,
World,1960-01-01,,,,,,,,,,,,,,,
World,1961-01-01,34.5530803176278,,,,129629034.469,,,98.5320775842169,,,,,,,
World,1962-01-01,34.6181113700023,,,,129629014.469,,,102.370808556086,,,,,,,
World,1963-01-01,34.7020267844905,,,,129629024.469,,,105.64396731027,,,,,,,
World,1964-01-01,34.7758087100273,,,,129629024.469,,,109.45104986996,,,,,,,
World,1965-01-01,34.8712522948418,,,,129629014.469,,,112.559383953168,,,,,,,
World,1966-01-01,34.935278676142,,,,129629004.469,,,123.412138351677,,,,,,,
World,1967-01-01,35.0120072408213,,,,129628994.469,,,126.419779458084,,,,,,,
World,1968-01-01,35.2702425356836,,,,129628984.469,,,128.387173342345,,,,,,,
World,1969-01-01,35.346484100992,,,,129628984.469,,,130.428257813544,,,,,,,
World,1970-01-01,35.2470903683684,,,,129628974.469,,,132.595953751496,,,,,,,
World,1971-01-01,35.3563679242251,,,,129628964.469,,,136.859823124616,,,,,,,
World,1972-01-01,35.4340597145756,,,,129628864.469,,,141.154748757519,,,,,,,
World,1973-01-01,35.5490081083488,,,,129628794.469,,,145.717692805324,,,,,,,
World,1974-01-01,35.6177727548267,,,,129628324.469,,,151.367068316299,,,,,,,
World,1975-01-01,35.6871957415562,,,,129627804.469,,,156.40365663224,,68.1405525242754,,,,,
World,1976-01-01,35.6896915186733,,,,129627594.469,,,160.089356367533,,71.9038279096477,,,,,
World,1977-01-01,35.6939875595868,,,,129627454.469,,,165.598562181437,,77.771685907585,,,,,
World,1978-01-01,35.819267193153,,,,129627454.469,,,171.01309008376,,83.3590302032591,,,,,
World,1979-01-01,35.876314497511,,,,129627414.469,,,174.842136081593,,88.4052665721446,,,,,
World,1980-01-01,35.9905703938295,,,,129627144.469,,,181.099837043283,,90.2708145693229,,,,,
World,1981-01-01,36.0054949829676,,,,129627224.469,,,184.730615433432,,89.1520237473091,,,,,
World,1982-01-01,36.1148464332122,,,,129626994.469,,,187.352074290895,,88.0328470711274,,,,,
World,1983-01-01,36.1745897774595,,,,129626954.469,,,190.379181018772,,93.0389756545572,,,,,
World,1984-01-01,36.4053993971208,,,,129625465.469,,,191.396376515495,,96.826632457232,,,,,
World,1985-01-01,36.6403461612741,,,,129625365.469,,,194.241345490034,,92.679585486019,,,,,
World,1986-01-01,36.6663225919229,,,,129625465.469,,,197.473422041049,,94.5551527420617,,,,,
World,1987-01-01,36.8059960925839,,,,129625365.469,,,201.326132778716,,98.8182229754585,,,,,
World,1988-01-01,36.9404381488157,,,,129625355.469,,,203.349656309537,,104.422992499315,,,,,
World,1989-01-01,37.0320951497069,,,,129624365.469,,,206.092193323659,,104.762043677251,,,,,
World,1990-01-01,37.1207367246764,,,,129624365.469,,,,,103.119414795141,,,,,
World,1991-01-01,37.1519903266253,,,,129624475.469,,,,,102.788797879391,,,,,
World,1992-01-01,37.1895386803779,,,,129624495.469,,,188.662741800632,,93.7603919095763,,,,,
World,1993-01-01,37.0651973872474,,,,129620749.469,,,190.145680039552,,89.4304826719297,,,,,
World,1994-01-01,37.2282869075274,,,,129608992.469,,,192.143341740464,,92.090637104036,,,,,
World,1995-01-01,37.2040191564869,,,,129606102.469,,,193.530200293585,,97.4226880079283,,,,,
World,1996-01-01,37.2670150144433,,,,129605647.469,,,195.507456075432,,100.602396969094,,,,,
World,1997-01-01,37.402532253653,,,,129674987.469,,,196.822591365426,,102.910630443076,,,,,
World,1998-01-01,37.5100273853695,,,,129648955.469,,,199.447793688612,,103.25569326764,,,,,
World,1999-01-01,37.5323217336759,,,,129655743.469,,,,,104.957053167386,,,,,
World,2000-01-01,37.5515716382018,,,,129714765.929,,,,,101.627634835764,,,,,
World,2001-01-01,37.568890667337,,,,129713592.129,,,,,103.709940255774,,,,,
World,2002-01-01,37.4798191569315,,,,129711396.355,,,,,107.706421882157,,,,,
World,2003-01-01,37.3570409135281,,,,129718522.945,,,,,110.79108825344,,,,,
World,2004-01-01,37.0131145073422,,,,129865065.628,,,,,116.082416242991,,,,,
World,2005-01-01,37.0638041570258,,,,129867807.17,,,,,116.402699534517,,,,,
World,2006-01-01,37.057093884862,,,,129866686.132,,,,,120.125812558917,,,,,
World,2007-01-01,36.9963979403199,,,,129866459.145,,,,,125.599685034556,,,,,
World,2008-01-01,36.9025954255533,,,,129850579.564,,,,,117.973923366845,,,,,
World,2009-01-01,36.8723876745103,,,,129849021.405,,,,,119.175048513791,,,,,
World,2010-01-01,36.8777994590559,,,,129851399.26,,,,,130.837507708728,,,,,
World,2011-01-01,37.0263762733508,,,,129851964.984,,,,,135.14621030455,,,,,
World,2012-01-01,36.6293672225926,,,,129975978.775,,,,,132.215631041874,,,,,
World,2013-01-01,36.5582813018637,,,,129974207.656,,,,,134.714390408176,,,,,
World,2014-01-01,36.5509717780437,,,,129973588.775,,,,,138.029987331397,,,,,
World,2015-01-01,36.3606110051761,,,,129977222.385,,,,,136.447650971061,,,,,
World,2016-01-01,36.3363929546631,,,,129987020.855,,,,,137.477210280537,,,,,
World,2017-01-01,36.6166649290419,,,,129979735.26,,,,,141.175210630513,,,,,
World,2018-01-01,36.4987362570507,,,,129980445.879,,,,,139.664686376786,,,,,
World,2019-01-01,36.5113073576613,,,,129980384.217,,,,,138.390283004273,,,,,
World,2020-01-01,36.458840823954,,,,129979826.521,,,,,146.402488314517,,,,,
World,2021-01-01,,,,,,,,,,,,,,,
World,2022-01-01,,,,,,,,,,,,,,,
